TAP version 13
# (node:7912) [MODULE_TYPELESS_PACKAGE_JSON] Warning: Module type of file:///C:/dev/macauPos/macauPosSystem/src/app/admin/traffic/traffic-auth-contract.test.ts is not specified and it doesn't parse as CommonJS.
# Reparsing as ES module because module syntax was detected. This incurs a performance overhead.
# To eliminate this warning, add "type": "module" to C:\\dev\\macauPos\\macauPosSystem\\package.json.
# (Use `node --trace-warnings ...` to show where the warning was created)
# Subtest: /admin/traffic ── 鑑權契約
    # Subtest: 🔴 頁面一定要用 `loadAuthSession()?.adminSessionToken`（同 /admin/sessions 同源）
    ok 1 - 🔴 頁面一定要用 `loadAuthSession()?.adminSessionToken`（同 /admin/sessions 同源）
      ---
      duration_ms: 4.0766
      type: 'test'
      ...
    # Subtest: 🔴 fetch 一定要帶 `Authorization: Bearer`（而唔係靠 cookie／localStorage）
    ok 2 - 🔴 fetch 一定要帶 `Authorization: Bearer`（而唔係靠 cookie／localStorage）
      ---
      duration_ms: 0.8499
      type: 'test'
      ...
    # Subtest: 冇 token 要**即刻**顯示未授權，唔好照打（避免無謂 401 + 令人誤解）
    ok 3 - 冇 token 要**即刻**顯示未授權，唔好照打（避免無謂 401 + 令人誤解）
      ---
      duration_ms: 2.07
      type: 'test'
      ...
    # Subtest: route 側仍然要驗 admin claims（唔可以為方便而放寬）
    ok 4 - route 側仍然要驗 admin claims（唔可以為方便而放寬）
      ---
      duration_ms: 1.1043
      type: 'test'
      ...
    1..4
ok 1 - /admin/traffic ── 鑑權契約
  ---
  duration_ms: 13.3475
  type: 'suite'
  ...
# (node:10072) [MODULE_TYPELESS_PACKAGE_JSON] Warning: Module type of file:///C:/dev/macauPos/macauPosSystem/src/app/api/pos/print-agent/heartbeat/heartbeat-contract.test.ts is not specified and it doesn't parse as CommonJS.
# Reparsing as ES module because module syntax was detected. This incurs a performance overhead.
# To eliminate this warning, add "type": "module" to C:\\dev\\macauPos\\macauPosSystem\\package.json.
# (Use `node --trace-warnings ...` to show where the warning was created)
# Subtest: /api/pos/print-agent/heartbeat ── APK 心跳合約
    # Subtest: 🔴 回應一定要有 `nextPollMs`（APK 靠佢決定下次心跳間隔）
    ok 1 - 🔴 回應一定要有 `nextPollMs`（APK 靠佢決定下次心跳間隔）
      ---
      duration_ms: 4.3375
      type: 'test'
      ...
    # Subtest: 🔴 `nextPollMs` 必須落喺 5 秒 ~ 180 秒（APK 嘅有效範圍）
    ok 2 - 🔴 `nextPollMs` 必須落喺 5 秒 ~ 180 秒（APK 嘅有效範圍）
      ---
      duration_ms: 0.9042
      type: 'test'
      ...
    # Subtest: 🔴 驗證一定要帶 `recordActivity: true`（否則唔會蓋 last_seen_at）
    ok 3 - 🔴 驗證一定要帶 `recordActivity: true`（否則唔會蓋 last_seen_at）
      ---
      duration_ms: 0.6817
      type: 'test'
      ...
    # Subtest: `ok` / `serverTime` 唔可以剝走（現役 APK 已經靠佢哋）
    ok 4 - `ok` / `serverTime` 唔可以剝走（現役 APK 已經靠佢哋）
      ---
      duration_ms: 0.9536
      type: 'test'
      ...
    1..4
ok 2 - /api/pos/print-agent/heartbeat ── APK 心跳合約
  ---
  duration_ms: 11.5191
  type: 'suite'
  ...
# Subtest: /api/pos/print-agent/claim ── App 節奏旋鈕
    # Subtest: 🔴 回應一定要有 `nextPollMs`（刪咗心跳之後唯一嘅節奏控制）
    ok 1 - 🔴 回應一定要有 `nextPollMs`（刪咗心跳之後唯一嘅節奏控制）
      ---
      duration_ms: 1.4457
      type: 'test'
      ...
    # Subtest: 🔴 全部節奏值必須落喺 5_000 ~ 180_000（APK 有效範圍／UI 假警報界線）
    ok 2 - 🔴 全部節奏值必須落喺 5_000 ~ 180_000（APK 有效範圍／UI 假警報界線）
      ---
      duration_ms: 4.0177
      type: 'test'
      ...
    # Subtest: 🔴 三檔 ＋ 空閒退避：有 job 快、冇 job 逐級放慢（唔可以又變返單一固定值）
    ok 3 - 🔴 三檔 ＋ 空閒退避：有 job 快、冇 job 逐級放慢（唔可以又變返單一固定值）
      ---
      duration_ms: 1.1547
      type: 'test'
      ...
    # Subtest: `claim` 一定要帶 `recordActivity: true`（否則刪咗心跳就冇人蓋章）
    ok 4 - `claim` 一定要帶 `recordActivity: true`（否則刪咗心跳就冇人蓋章）
      ---
      duration_ms: 1.3499
      type: 'test'
      ...
    1..4
ok 3 - /api/pos/print-agent/claim ── App 節奏旋鈕
  ---
  duration_ms: 13.2195
  type: 'suite'
  ...
# (node:10316) [MODULE_TYPELESS_PACKAGE_JSON] Warning: Module type of file:///C:/dev/macauPos/macauPosSystem/src/app/api/pos/print-agent/pair/pair-merchant-lookup.test.ts is not specified and it doesn't parse as CommonJS.
# Reparsing as ES module because module syntax was detected. This incurs a performance overhead.
# To eliminate this warning, add "type": "module" to C:\\dev\\macauPos\\macauPosSystem\\package.json.
# (Use `node --trace-warnings ...` to show where the warning was created)
# Subtest: pair route ── storeId 驗真要用 Ledger 專案
    # Subtest: 🔴 `lookupMerchant()` 一定要用 `getLedgerServiceClient()`
    ok 1 - 🔴 `lookupMerchant()` 一定要用 `getLedgerServiceClient()`
      ---
      duration_ms: 4.8336
      type: 'test'
      ...
    # Subtest: 🔴 `lookupMerchant()` 唔可以再用 POS 專案嘅 client
    ok 2 - 🔴 `lookupMerchant()` 唔可以再用 POS 專案嘅 client
      ---
      duration_ms: 2.7409
      type: 'test'
      ...
    # Subtest: 🔴 未配置 Ledger service（`null`）→ 一定要早退 fail-open，唔可以 throw
    ok 3 - 🔴 未配置 Ledger service（`null`）→ 一定要早退 fail-open，唔可以 throw
      ---
      duration_ms: 0.8081
      type: 'test'
      ...
    # Subtest: `22P02`（型別唔夾 UUID）仍然要當「肯定唔係商戶」擋低
    ok 4 - `22P02`（型別唔夾 UUID）仍然要當「肯定唔係商戶」擋低
      ---
      duration_ms: 0.9492
      type: 'test'
      ...
    1..4
ok 4 - pair route ── storeId 驗真要用 Ledger 專案
  ---
  duration_ms: 14.2374
  type: 'suite'
  ...
# Subtest: supabase-ledger-service ── 憑證紀律
    # Subtest: 🔴 只讀 `LEDGER_SUPABASE_SERVICE_ROLE_KEY`，**唔可以 fallback**
    ok 1 - 🔴 只讀 `LEDGER_SUPABASE_SERVICE_ROLE_KEY`，**唔可以 fallback**
      ---
      duration_ms: 1.2558
      type: 'test'
      ...
    # Subtest: 🔴 URL 一定用 Ledger 嘅（`NEXT_PUBLIC_SUPABASE_URL`），唔可以用 POS `SUPABASE_URL`
    ok 2 - 🔴 URL 一定用 Ledger 嘅（`NEXT_PUBLIC_SUPABASE_URL`），唔可以用 POS `SUPABASE_URL`
      ---
      duration_ms: 0.6418
      type: 'test'
      ...
    # Subtest: 有 `server-only` 保護（唔可以漏落瀏覽器 bundle）
    ok 3 - 有 `server-only` 保護（唔可以漏落瀏覽器 bundle）
      ---
      duration_ms: 2.7852
      type: 'test'
      ...
    # Subtest: 未配置時一定回 `null`（畀呼叫端 fail-open，唔可以 throw）
    ok 4 - 未配置時一定回 `null`（畀呼叫端 fail-open，唔可以 throw）
      ---
      duration_ms: 3.6611
      type: 'test'
      ...
    1..4
ok 5 - supabase-ledger-service ── 憑證紀律
  ---
  duration_ms: 9.8878
  type: 'suite'
  ...
# (node:13876) [MODULE_TYPELESS_PACKAGE_JSON] Warning: Module type of file:///C:/dev/macauPos/macauPosSystem/src/app/api/pos/state/state-egress-src.test.ts is not specified and it doesn't parse as CommonJS.
# Reparsing as ES module because module syntax was detected. This incurs a performance overhead.
# To eliminate this warning, add "type": "module" to C:\\dev\\macauPos\\macauPosSystem\\package.json.
# (Use `node --trace-warnings ...` to show where the warning was created)
# Subtest: /api/pos/state ── 呼叫來源標記
    # Subtest: 有讀 `x-pos-state-src` 標頭
    ok 1 - 有讀 `x-pos-state-src` 標頭
      ---
      duration_ms: 3.8211
      type: 'test'
      ...
    # Subtest: 🔴 `src` 一定要落 `[egress]` log（讀咗唔用＝白做）
    ok 2 - 🔴 `src` 一定要落 `[egress]` log（讀咗唔用＝白做）
      ---
      duration_ms: 0.834
      type: 'test'
      ...
    # Subtest: 有長度截斷（防止有人用標頭塞大字串膨脹 log）
    ok 3 - 有長度截斷（防止有人用標頭塞大字串膨脹 log）
      ---
      duration_ms: 0.7524
      type: 'test'
      ...
    # Subtest: 🔴 標記只可以入 log，唔可以影響回應（唔可以出現喺 payload）
    ok 4 - 🔴 標記只可以入 log，唔可以影響回應（唔可以出現喺 payload）
      ---
      duration_ms: 1.1321
      type: 'test'
      ...
    # Subtest: 🔴 舊版 bundle 偵測：判準一定要「非 ordersOnly 且冇 skipQueue」
    ok 5 - 🔴 舊版 bundle 偵測：判準一定要「非 ordersOnly 且冇 skipQueue」
      ---
      duration_ms: 0.5796
      type: 'test'
      ...
    # Subtest: `legacy` 一定有落 egress log（否則加咗偵測但睇唔到）
    ok 6 - `legacy` 一定有落 egress log（否則加咗偵測但睇唔到）
      ---
      duration_ms: 1.2596
      type: 'test'
      ...
    # Subtest: 偵測段落只可以係 console.warn（唔可以 throw / 唔可以改回應）
    ok 7 - 偵測段落只可以係 console.warn（唔可以 throw / 唔可以改回應）
      ---
      duration_ms: 0.7058
      type: 'test'
      ...
    1..7
ok 6 - /api/pos/state ── 呼叫來源標記
  ---
  duration_ms: 16.373
  type: 'suite'
  ...
# (node:3360) [MODULE_TYPELESS_PACKAGE_JSON] Warning: Module type of file:///C:/dev/macauPos/macauPosSystem/src/app/api/pos/state/state-incremental-contract.test.ts is not specified and it doesn't parse as CommonJS.
# Reparsing as ES module because module syntax was detected. This incurs a performance overhead.
# To eliminate this warning, add "type": "module" to C:\\dev\\macauPos\\macauPosSystem\\package.json.
# (Use `node --trace-warnings ...` to show where the warning was created)
# Subtest: /api/pos/state ── 增量拉取（P1）
    # Subtest: 🔴 有 `since` 就增量（**包括 ordersOnly**）；「完整區間」由「唔傳 since」保證
    ok 1 - 🔴 有 `since` 就增量（**包括 ordersOnly**）；「完整區間」由「唔傳 since」保證
      ---
      duration_ms: 5.5842
      type: 'test'
      ...
    # Subtest: 🔴 增量行獨立單腿查詢（唔可以經三腿區間查詢）
    ok 2 - 🔴 增量行獨立單腿查詢（唔可以經三腿區間查詢）
      ---
      duration_ms: 2.8101
      type: 'test'
      ...
    # Subtest: 🔴 增量時 queue 一定要跳過（`limit(0)`）
    ok 3 - 🔴 增量時 queue 一定要跳過（`limit(0)`）
      ---
      duration_ms: 0.7556
      type: 'test'
      ...
    # Subtest: 回應要帶 `incremental` 同 `truncated`（client 靠佢哋決定對賬／清水位）
    ok 4 - 回應要帶 `incremental` 同 `truncated`（client 靠佢哋決定對賬／清水位）
      ---
      duration_ms: 0.942
      type: 'test'
      ...
    # Subtest: 🔴 撞 limit ／查詢失敗都當 truncated（唔可以靜默截斷）
    ok 5 - 🔴 撞 limit ／查詢失敗都當 truncated（唔可以靜默截斷）
      ---
      duration_ms: 0.6467
      type: 'test'
      ...
    1..5
ok 7 - /api/pos/state ── 增量拉取（P1）
  ---
  duration_ms: 16.7246
  type: 'suite'
  ...
# Subtest: /api/pos/state ── 舊版止血（P0）
    # Subtest: 🔴 legacy（非 ordersOnly 且冇 skipQueue）一定要強制 queue=0
    ok 1 - 🔴 legacy（非 ordersOnly 且冇 skipQueue）一定要強制 queue=0
      ---
      duration_ms: 1.6433
      type: 'test'
      ...
    # Subtest: 🔴 止血只可以「少行數」，唔可以改回應形狀（否則舊分頁完全拉唔到）
    ok 2 - 🔴 止血只可以「少行數」，唔可以改回應形狀（否則舊分頁完全拉唔到）
      ---
      duration_ms: 1.101
      type: 'test'
      ...
    # Subtest: 仍然保留 `legacy=1` 嘅 egress log 維度（診斷唔可以斷）
    ok 3 - 仍然保留 `legacy=1` 嘅 egress log 維度（診斷唔可以斷）
      ---
      duration_ms: 1.5332
      type: 'test'
      ...
    # Subtest: 🩹🩹 P0b：舊版全量拉取要**節流**（唔可以只減 bytes；頻率先係大戶）
    ok 4 - 🩹🩹 P0b：舊版全量拉取要**節流**（唔可以只減 bytes；頻率先係大戶）
      ---
      duration_ms: 1.3641
      type: 'test'
      ...
    # Subtest: 🩹🩹 節流回覆係**空骨架**，而且**一定要帶 `incremental: true`**
    ok 5 - 🩹🩹 節流回覆係**空骨架**，而且**一定要帶 `incremental: true`**
      ---
      duration_ms: 1.3734
      type: 'test'
      ...
    # Subtest: 🔎 ordersOnly 嘅 egress log 亦要記 `ip` / `src`（否則 38 MB 無法歸因）
    ok 6 - 🔎 ordersOnly 嘅 egress log 亦要記 `ip` / `src`（否則 38 MB 無法歸因）
      ---
      duration_ms: 0.5604
      type: 'test'
      ...
    1..6
ok 8 - /api/pos/state ── 舊版止血（P0）
  ---
  duration_ms: 11.3963
  type: 'suite'
  ...
# Subtest: client ── 增量拉取嘅兩條安全閘
    # Subtest: 🔴🔴 孤兒單對賬只可以喺**全量**之下跑
    ok 1 - 🔴🔴 孤兒單對賬只可以喺**全量**之下跑
      ---
      duration_ms: 1.5791
      type: 'test'
      ...
    # Subtest: 🔴 手動「更新」一定要 forceFull（唔可以同 in-flight 增量合併）
    ok 2 - 🔴 手動「更新」一定要 forceFull（唔可以同 in-flight 增量合併）
      ---
      duration_ms: 0.6127
      type: 'test'
      ...
    # Subtest: 🔴 `truncated` ⇒ 清水位（下次全量）＋ 補拉一次
    ok 3 - 🔴 `truncated` ⇒ 清水位（下次全量）＋ 補拉一次
      ---
      duration_ms: 0.6917
      type: 'test'
      ...
    # Subtest: 兩個入口（工作台 + 訂單頁）共用同一套水位
    ok 4 - 兩個入口（工作台 + 訂單頁）共用同一套水位
      ---
      duration_ms: 0.4507
      type: 'test'
      ...
    # Subtest: 水位只可以喺**成功**之後更新（失敗／401 唔可以推進水位）
    ok 5 - 水位只可以喺**成功**之後更新（失敗／401 唔可以推進水位）
      ---
      duration_ms: 0.519
      type: 'test'
      ...
    # Subtest: 🔴🔴 訂單頁要有**最少間隔守衛**（實測 3 秒一次連打 15 分鐘 = 87 MB）
    ok 6 - 🔴🔴 訂單頁要有**最少間隔守衛**（實測 3 秒一次連打 15 分鐘 = 87 MB）
      ---
      duration_ms: 0.4193
      type: 'test'
      ...
    # Subtest: 🔎 訂單頁要報上自己嘅 `src`（ordersOnly 以前冇 `src` ⇒ 63.8 MB 無法歸因）
    ok 7 - 🔎 訂單頁要報上自己嘅 `src`（ordersOnly 以前冇 `src` ⇒ 63.8 MB 無法歸因）
      ---
      duration_ms: 0.3179
      type: 'test'
      ...
    1..7
ok 9 - client ── 增量拉取嘅兩條安全閘
  ---
  duration_ms: 5.5986
  type: 'suite'
  ...
# (node:10720) [MODULE_TYPELESS_PACKAGE_JSON] Warning: Module type of file:///C:/dev/macauPos/macauPosSystem/src/app/api/pos/sync/sync-route-refund-columns.test.ts is not specified and it doesn't parse as CommonJS.
# Reparsing as ES module because module syntax was detected. This incurs a performance overhead.
# To eliminate this warning, add "type": "module" to C:\\dev\\macauPos\\macauPosSystem\\package.json.
# (Use `node --trace-warnings ...` to show where the warning was created)
# Subtest: /api/pos/sync — 退款審計欄探測只做一次
    # Subtest: 有 per-instance 快取（`refundAuditColumnsAvailable`）
    ok 1 - 有 per-instance 快取（`refundAuditColumnsAvailable`）
      ---
      duration_ms: 8.3456
      type: 'test'
      ...
    # Subtest: 🔴 探測到唔存在之後，select 一定要退回 6 欄
    ok 2 - 🔴 探測到唔存在之後，select 一定要退回 6 欄
      ---
      duration_ms: 0.6968
      type: 'test'
      ...
    # Subtest: 42703 分支要記住「唔存在」（設 false）
    ok 3 - 42703 分支要記住「唔存在」（設 false）
      ---
      duration_ms: 1.1881
      type: 'test'
      ...
    # Subtest: 9 欄查得通要記住（設 true）—— 保留「將來加欄自動啟用」嘅能力
    ok 4 - 9 欄查得通要記住（設 true）—— 保留「將來加欄自動啟用」嘅能力
      ---
      duration_ms: 1.9145
      type: 'test'
      ...
    # Subtest: 探測段落**唔可以被剷走**（一定要保留降至 6 欄嘅 fallback 同 warning）
    ok 5 - 探測段落**唔可以被剷走**（一定要保留降至 6 欄嘅 fallback 同 warning）
      ---
      duration_ms: 0.847
      type: 'test'
      ...
    1..5
ok 10 - /api/pos/sync — 退款審計欄探測只做一次
  ---
  duration_ms: 28.9714
  type: 'suite'
  ...
# (node:8620) [MODULE_TYPELESS_PACKAGE_JSON] Warning: Module type of file:///C:/dev/macauPos/macauPosSystem/src/app/api/pos/sync/sync-route-write-gate.test.ts is not specified and it doesn't parse as CommonJS.
# Reparsing as ES module because module syntax was detected. This incurs a performance overhead.
# To eliminate this warning, add "type": "module" to C:\\dev\\macauPos\\macauPosSystem\\package.json.
# (Use `node --trace-warnings ...` to show where the warning was created)
# Subtest: /api/pos/sync ── 授權通道寫入閘
    # Subtest: 🔴 狀態閘嘅查詢條件要包含「有 ORDER 寫入事件」而唔止「匿名」
    ok 1 - 🔴 狀態閘嘅查詢條件要包含「有 ORDER 寫入事件」而唔止「匿名」
      ---
      duration_ms: 5.0507
      type: 'test'
      ...
    # Subtest: 🔴 閘一定要用 `decideOrderWrite`（唔可以自己寫一套 inline 判斷）
    ok 2 - 🔴 閘一定要用 `decideOrderWrite`（唔可以自己寫一套 inline 判斷）
      ---
      duration_ms: 0.7426
      type: 'test'
      ...
    # Subtest: 🔴 授權通道嘅閘只可以喺 `authorized` 分支（匿名通道要保持原本文案）
    ok 3 - 🔴 授權通道嘅閘只可以喺 `authorized` 分支（匿名通道要保持原本文案）
      ---
      duration_ms: 0.7557
      type: 'test'
      ...
    # Subtest: 🔴 線上鏡像（`ledger-`）一定要放行 —— 唔可以因為關店而擋
    ok 4 - 🔴 線上鏡像（`ledger-`）一定要放行 —— 唔可以因為關店而擋
      ---
      duration_ms: 0.5838
      type: 'test'
      ...
    # Subtest: 加菜判定要讀 `addedItems`（唔可以靠 status 猜）
    ok 5 - 加菜判定要讀 `addedItems`（唔可以靠 status 猜）
      ---
      duration_ms: 0.5425
      type: 'test'
      ...
    1..5
ok 11 - /api/pos/sync ── 授權通道寫入閘
  ---
  duration_ms: 13.3944
  type: 'suite'
  ...
# (node:4712) [MODULE_TYPELESS_PACKAGE_JSON] Warning: Module type of file:///C:/dev/macauPos/macauPosSystem/src/components/pos-app-queue-identity.test.ts is not specified and it doesn't parse as CommonJS.
# Reparsing as ES module because module syntax was detected. This incurs a performance overhead.
# To eliminate this warning, add "type": "module" to C:\\dev\\macauPos\\macauPosSystem\\package.json.
# (Use `node --trace-warnings ...` to show where the warning was created)
# Subtest: pos-app ── 同步隊列唔可以無謂換 array 身分
    # Subtest: 🔴 程式碼內唔可以有任何 `setQueue(loadQueue())`（會引爆 424 KB 全量拉取循環）
    ok 1 - 🔴 程式碼內唔可以有任何 `setQueue(loadQueue())`（會引爆 424 KB 全量拉取循環）
      ---
      duration_ms: 8.6438
      type: 'test'
      ...
    # Subtest: 有 `replaceQueueFromStorage()`，而且真係做內容簽名比對
    ok 2 - 有 `replaceQueueFromStorage()`，而且真係做內容簽名比對
      ---
      duration_ms: 0.8283
      type: 'test'
      ...
    # Subtest: 🔴 backfill 同 replaceQueueFromStorage 共用同一個 ref（唔可以有兩份口徑）
    ok 3 - 🔴 backfill 同 replaceQueueFromStorage 共用同一個 ref（唔可以有兩份口徑）
      ---
      duration_ms: 1.1415
      type: 'test'
      ...
    # Subtest: 全量拉取 effect 嘅 dependency 仍然係 `queue`（守衛靠佢，唔可以靜默改走）
    ok 4 - 全量拉取 effect 嘅 dependency 仍然係 `queue`（守衛靠佢，唔可以靜默改走）
      ---
      duration_ms: 2.4095
      type: 'test'
      ...
    # Subtest: 有三個入口真係行 replaceQueueFromStorage（同步失敗事件／健康彈窗／重試掣）
    ok 5 - 有三個入口真係行 replaceQueueFromStorage（同步失敗事件／健康彈窗／重試掣）
      ---
      duration_ms: 0.8786
      type: 'test'
      ...
    # Subtest: 🔴 `loadRuntimeState()` 有 single-flight 去重（同刻 N 個入口只發 1 個請求）
    ok 6 - 🔴 `loadRuntimeState()` 有 single-flight 去重（同刻 N 個入口只發 1 個請求）
      ---
      duration_ms: 1.1562
      type: 'test'
      ...
    # Subtest: 🔎 每個入口都要報上自己嘅 `src`（否則 Vercel log 分唔出循環由邊度嚟）
    ok 7 - 🔎 每個入口都要報上自己嘅 `src`（否則 Vercel log 分唔出循環由邊度嚟）
      ---
      duration_ms: 1.4088
      type: 'test'
      ...
    1..7
ok 12 - pos-app ── 同步隊列唔可以無謂換 array 身分
  ---
  duration_ms: 22.4015
  type: 'suite'
  ...
# (node:18368) [MODULE_TYPELESS_PACKAGE_JSON] Warning: Module type of file:///C:/dev/macauPos/macauPosSystem/src/components/pos-app-stale-banner.test.ts is not specified and it doesn't parse as CommonJS.
# Reparsing as ES module because module syntax was detected. This incurs a performance overhead.
# To eliminate this warning, add "type": "module" to C:\\dev\\macauPos\\macauPosSystem\\package.json.
# (Use `node --trace-warnings ...` to show where the warning was created)
# Subtest: 收銀台 ── 版本過期橫幅
    # Subtest: 🔴 一定要掛喺 pos-app（唔掛＝商家永遠唔知跑舊版）
    ok 1 - 🔴 一定要掛喺 pos-app（唔掛＝商家永遠唔知跑舊版）
      ---
      duration_ms: 5.5675
      type: 'test'
      ...
    # Subtest: 🔴 橫幅一定唔可以自己自動 reload（只可以人手撳）
    ok 2 - 🔴 橫幅一定唔可以自己自動 reload（只可以人手撳）
      ---
      duration_ms: 0.9105
      type: 'test'
      ...
    # Subtest: 🔴 `requestReload()` 一定要先問 `risk.needsConfirm`
    ok 3 - 🔴 `requestReload()` 一定要先問 `risk.needsConfirm`
      ---
      duration_ms: 0.5846
      type: 'test'
      ...
    # Subtest: 🔴 橫幅唔顯示時要 return null（唔可以留空白條佔位）
    ok 4 - 🔴 橫幅唔顯示時要 return null（唔可以留空白條佔位）
      ---
      duration_ms: 0.4885
      type: 'test'
      ...
    # Subtest: 🔴 按鈕要守 40px 觸控準則
    ok 5 - 🔴 按鈕要守 40px 觸控準則
      ---
      duration_ms: 0.5219
      type: 'test'
      ...
    # Subtest: 🔴 pos-app 嘅 flex 容器要跟住改（否則橫幅會令內容被裁切）
    ok 6 - 🔴 pos-app 嘅 flex 容器要跟住改（否則橫幅會令內容被裁切）
      ---
      duration_ms: 1.2773
      type: 'test'
      ...
    1..6
ok 13 - 收銀台 ── 版本過期橫幅
  ---
  duration_ms: 17.1327
  type: 'suite'
  ...
# (node:11664) [MODULE_TYPELESS_PACKAGE_JSON] Warning: Module type of file:///C:/dev/macauPos/macauPosSystem/src/components/pos-app-write-gate-client.test.ts is not specified and it doesn't parse as CommonJS.
# Reparsing as ES module because module syntax was detected. This incurs a performance overhead.
# To eliminate this warning, add "type": "module" to C:\\dev\\macauPos\\macauPosSystem\\package.json.
# (Use `node --trace-warnings ...` to show where the warning was created)
# Subtest: G2 ── 店已關唔准「開新生意」
    # Subtest: 有 `ensureStoreOpenForNewBusiness()`，而且係 fail-open（只有 === false 才擋）
    ok 1 - 有 `ensureStoreOpenForNewBusiness()`，而且係 fail-open（只有 === false 才擋）
      ---
      duration_ms: 3.3599
      type: 'test'
      ...
    # Subtest: 🔴 四個「開新生意」入口都要掛 G2（開枱 ×2、加菜、落單）
    ok 2 - 🔴 四個「開新生意」入口都要掛 G2（開枱 ×2、加菜、落單）
      ---
      duration_ms: 0.995
      type: 'test'
      ...
    # Subtest: 🔴 結帳入口**唔可以**掛 G2（J 拍板：關店後結帳要准，客人走唔到更嚴重）
    ok 3 - 🔴 結帳入口**唔可以**掛 G2（J 拍板：關店後結帳要准，客人走唔到更嚴重）
      ---
      duration_ms: 0.8823
      type: 'test'
      ...
    1..3
ok 14 - G2 ── 店已關唔准「開新生意」
  ---
  duration_ms: 9.3842
  type: 'suite'
  ...
# Subtest: G3 ── 被 server 拒收之後要自我修正
    # Subtest: `sync-flush` 有定義 `POS_SYNC_BLOCKED_EVENT`（同「嘗試到頂」分開）
    ok 1 - `sync-flush` 有定義 `POS_SYNC_BLOCKED_EVENT`（同「嘗試到頂」分開）
      ---
      duration_ms: 0.9766
      type: 'test'
      ...
    # Subtest: 🔴 兩條回執路徑（HTTP 非 200 / HTTP 200）都要通知
    ok 2 - 🔴 兩條回執路徑（HTTP 非 200 / HTTP 200）都要通知
      ---
      duration_ms: 0.8484
      type: 'test'
      ...
    # Subtest: 🔴 只認規則性拒收嘅 reason（唔可以撈埋其他 reason）
    ok 3 - 🔴 只認規則性拒收嘅 reason（唔可以撈埋其他 reason）
      ---
      duration_ms: 7.2663
      type: 'test'
      ...
    # Subtest: 🔴 pos-app 收到之後要有 listener、要出提示、要即刻對齊班次
    ok 4 - 🔴 pos-app 收到之後要有 listener、要出提示、要即刻對齊班次
      ---
      duration_ms: 1.1308
      type: 'test'
      ...
    1..4
ok 15 - G3 ── 被 server 拒收之後要自我修正
  ---
  duration_ms: 14.9362
  type: 'suite'
  ...
# (node:1416) [MODULE_TYPELESS_PACKAGE_JSON] Warning: Module type of file:///C:/dev/macauPos/macauPosSystem/src/lib/build-info.test.ts is not specified and it doesn't parse as CommonJS.
# Reparsing as ES module because module syntax was detected. This incurs a performance overhead.
# To eliminate this warning, add "type": "module" to C:\\dev\\macauPos\\macauPosSystem\\package.json.
# (Use `node --trace-warnings ...` to show where the warning was created)
# Subtest: formatMacauStamp
    # Subtest: 🔴 ISO（UTC）→ 澳門 +8，格式 YYYY-MM-DD HH:mm
    ok 1 - 🔴 ISO（UTC）→ 澳門 +8，格式 YYYY-MM-DD HH:mm
      ---
      duration_ms: 4.6079
      type: 'test'
      ...
    # Subtest: 非法 / null / 空字串 → 空字串（唔可以出 Invalid Date）
    ok 2 - 非法 / null / 空字串 → 空字串（唔可以出 Invalid Date）
      ---
      duration_ms: 2.8007
      type: 'test'
      ...
    1..2
ok 16 - formatMacauStamp
  ---
  duration_ms: 20.3068
  type: 'suite'
  ...
# Subtest: envLabel
    # Subtest: 三個已知環境有中文標籤（唔露出枚舉值）
    ok 1 - 三個已知環境有中文標籤（唔露出枚舉值）
      ---
      duration_ms: 0.8737
      type: 'test'
      ...
    # Subtest: 未知值原樣回（唔可以當成「正式」）
    ok 2 - 未知值原樣回（唔可以當成「正式」）
      ---
      duration_ms: 0.8678
      type: 'test'
      ...
    1..2
ok 17 - envLabel
  ---
  duration_ms: 2.369
  type: 'suite'
  ...
# Subtest: buildLabel
    # Subtest: 齊料 → `id（時間 · 環境）`
    ok 1 - 齊料 → `id（時間 · 環境）`
      ---
      duration_ms: 0.8513
      type: 'test'
      ...
    # Subtest: 冇時間 / 冇環境 → 只顯示 id（唔可以出空括號）
    ok 2 - 冇時間 / 冇環境 → 只顯示 id（唔可以出空括號）
      ---
      duration_ms: 0.8517
      type: 'test'
      ...
    # Subtest: 冇 id → 講清楚「未知」，唔可以靜靜咁當冇事
    ok 3 - 冇 id → 講清楚「未知」，唔可以靜靜咁當冇事
      ---
      duration_ms: 1.4054
      type: 'test'
      ...
    1..3
ok 18 - buildLabel
  ---
  duration_ms: 4.3632
  type: 'suite'
  ...
# Subtest: isSameBuild
    # Subtest: 兩邊都有值而且一樣 → true
    ok 1 - 兩邊都有值而且一樣 → true
      ---
      duration_ms: 1.0776
      type: 'test'
      ...
    # Subtest: 🔴 任一未知 → false（唔可以當「一致」）
    ok 2 - 🔴 任一未知 → false（唔可以當「一致」）
      ---
      duration_ms: 0.9019
      type: 'test'
      ...
    # Subtest: 唔同 → false
    ok 3 - 唔同 → false
      ---
      duration_ms: 1.0929
      type: 'test'
      ...
    1..3
ok 19 - isSameBuild
  ---
  duration_ms: 4.2895
  type: 'suite'
  ...
# Subtest: describeBuildMismatch
    # Subtest: 🔴 兩邊一樣 → 唔提示
    ok 1 - 🔴 兩邊一樣 → 唔提示
      ---
      duration_ms: 0.6966
      type: 'test'
      ...
    # Subtest: 🔴 唔同 → 提示「請完全閂掉再開」（唔可以寫「重新載入」就算）
    ok 2 - 🔴 唔同 → 提示「請完全閂掉再開」（唔可以寫「重新載入」就算）
      ---
      duration_ms: 4.718
      type: 'test'
      ...
    # Subtest: 🔴 本機 dev → 唔提示（唔可以喺開發環境嘈）
    ok 3 - 🔴 本機 dev → 唔提示（唔可以喺開發環境嘈）
      ---
      duration_ms: 0.4497
      type: 'test'
      ...
    # Subtest: 🔴 任一未知（未注入 / 標頭讀唔到）→ 唔提示
    ok 4 - 🔴 任一未知（未注入 / 標頭讀唔到）→ 唔提示
      ---
      duration_ms: 0.36
      type: 'test'
      ...
    1..4
ok 20 - describeBuildMismatch
  ---
  duration_ms: 7.1116
  type: 'suite'
  ...
# Subtest: readClientBuildInfo
    # Subtest: 讀到內聯值（逐一字面寫 env 先會被 DefinePlugin 替換）
    ok 1 - 讀到內聯值（逐一字面寫 env 先會被 DefinePlugin 替換）
      ---
      duration_ms: 3.8231
      type: 'test'
      ...
    # Subtest: 🔴 未注入 → 回空值（唔可以 throw、唔可以回 'undefined' 字串）
    ok 2 - 🔴 未注入 → 回空值（唔可以 throw、唔可以回 'undefined' 字串）
      ---
      duration_ms: 0.7263
      type: 'test'
      ...
    1..2
ok 21 - readClientBuildInfo
  ---
  duration_ms: 5.0538
  type: 'suite'
  ...
# Subtest: describeReloadRisk ── 一鍵重新載入嘅保護
    # Subtest: 🔴 冇未完成工作 → 唔使確認（一按即好）
    ok 1 - 🔴 冇未完成工作 → 唔使確認（一按即好）
      ---
      duration_ms: 0.6727
      type: 'test'
      ...
    # Subtest: 🔴 有購物車 → 一定要確認，而且要講出「幾多項」
    ok 2 - 🔴 有購物車 → 一定要確認，而且要講出「幾多項」
      ---
      duration_ms: 1.0008
      type: 'test'
      ...
    # Subtest: 🔴 結帳畫面開住 → 一定要確認
    ok 3 - 🔴 結帳畫面開住 → 一定要確認
      ---
      duration_ms: 0.4596
      type: 'test'
      ...
    # Subtest: 🔴 要同時講「邊樣唔會冇」（未上雲紀錄喺 localStorage 會保留）
    ok 4 - 🔴 要同時講「邊樣唔會冇」（未上雲紀錄喺 localStorage 會保留）
      ---
      duration_ms: 0.9623
      type: 'test'
      ...
    # Subtest: 🔴 語氣：講「清空」唔可以講「失去資料」（後者係錯，會嚇到收銀）
    ok 5 - 🔴 語氣：講「清空」唔可以講「失去資料」（後者係錯，會嚇到收銀）
      ---
      duration_ms: 0.4145
      type: 'test'
      ...
    # Subtest: 冇未完成工作但仲有未上雲紀錄 → 都要講明佢哋安全
    ok 6 - 冇未完成工作但仲有未上雲紀錄 → 都要講明佢哋安全
      ---
      duration_ms: 0.3792
      type: 'test'
      ...
    1..6
ok 22 - describeReloadRisk ── 一鍵重新載入嘅保護
  ---
  duration_ms: 4.7101
  type: 'suite'
  ...
# Subtest: 觀測到嘅伺服器版本 store
    # Subtest: set / get / subscribe
    ok 1 - set / get / subscribe
      ---
      duration_ms: 0.8886
      type: 'test'
      ...
    # Subtest: 空白 / 空字串當「未知」（唔可以存 `""` 落去）
    ok 2 - 空白 / 空字串當「未知」（唔可以存 `""` 落去）
      ---
      duration_ms: 2.3823
      type: 'test'
      ...
    1..2
ok 23 - 觀測到嘅伺服器版本 store
  ---
  duration_ms: 3.6444
  type: 'suite'
  ...
# [egress] test bytes=20
# [egress] pos/state bytes=133
# [egress] pos/state bytes=11 orders=200 queue=0 ordersOnly=1 range=2026-09-21T00:00:00.000Z~
# [egress] x bytes=7 offset=null
# [egress] x bytes=4
# [egress] x bytes=4
# [egress] x bytes=2
# (node:25068) [MODULE_TYPELESS_PACKAGE_JSON] Warning: Module type of file:///C:/dev/macauPos/macauPosSystem/src/lib/egress-log.test.ts is not specified and it doesn't parse as CommonJS.
# Reparsing as ES module because module syntax was detected. This incurs a performance overhead.
# To eliminate this warning, add "type": "module" to C:\\dev\\macauPos\\macauPosSystem\\package.json.
# (Use `node --trace-warnings ...` to show where the warning was created)
# Subtest: egress-log
    # Subtest: bytes 係 UTF-8 位元組數（中文唔可以當 1 byte）
    ok 1 - bytes 係 UTF-8 位元組數（中文唔可以當 1 byte）
      ---
      duration_ms: 5.842
      type: 'test'
      ...
    # Subtest: 回傳嘅 body 必須同 JSON.stringify 逐位元一致（route 會直接用它）
    ok 2 - 回傳嘅 body 必須同 JSON.stringify 逐位元一致（route 會直接用它）
      ---
      duration_ms: 3.4877
      type: 'test'
      ...
    # Subtest: extra 維度唔會洩漏落 body（只入 log）
    ok 3 - extra 維度唔會洩漏落 body（只入 log）
      ---
      duration_ms: 1.2308
      type: 'test'
      ...
    # Subtest: undefined 維度唔會印成 'undefined'
    ok 4 - undefined 維度唔會印成 'undefined'
      ---
      duration_ms: 1.0555
      type: 'test'
      ...
    # Subtest: 靜音開關：預設開；只有 0/false/off/空字串 先關
    ok 5 - 靜音開關：預設開；只有 0/false/off/空字串 先關
      ---
      duration_ms: 0.6069
      type: 'test'
      ...
    # Subtest: 空／極簡 payload 都唔會 throw（`undefined` 兜成 `null`）
    ok 6 - 空／極簡 payload 都唔會 throw（`undefined` 兜成 `null`）
      ---
      duration_ms: 1.1512
      type: 'test'
      ...
    1..6
ok 24 - egress-log
  ---
  duration_ms: 17.8594
  type: 'suite'
  ...
# (node:12968) [MODULE_TYPELESS_PACKAGE_JSON] Warning: Module type of file:///C:/dev/macauPos/macauPosSystem/src/lib/kds/kds-board.test.ts is not specified and it doesn't parse as CommonJS.
# Reparsing as ES module because module syntax was detected. This incurs a performance overhead.
# To eliminate this warning, add "type": "module" to C:\\dev\\macauPos\\macauPosSystem\\package.json.
# (Use `node --trace-warnings ...` to show where the warning was created)
# Subtest: buildKdsBoard · 工位過濾
    # Subtest: 只回本工位嘅行
    ok 1 - 只回本工位嘅行
      ---
      duration_ms: 9.0118
      type: 'test'
      ...
    # Subtest: 本工位一行都冇 → 整張單唔上屏
    ok 2 - 本工位一行都冇 → 整張單唔上屏
      ---
      duration_ms: 0.4774
      type: 'test'
      ...
    # Subtest: 🔴 唔傳 station → 一律回空（防止「全部」模式回歸）
    ok 3 - 🔴 唔傳 station → 一律回空（防止「全部」模式回歸）
      ---
      duration_ms: 0.527
      type: 'test'
      ...
    # Subtest: 明確 allowAllStations 就回全部（出餐台屏用）
    ok 4 - 明確 allowAllStations 就回全部（出餐台屏用）
      ---
      duration_ms: 0.3722
      type: 'test'
      ...
    1..4
ok 25 - buildKdsBoard · 工位過濾
  ---
  duration_ms: 13.7852
  type: 'suite'
  ...
# Subtest: buildKdsBoard · done_qty 語意
    # Subtest: 部分完成：done 1 / qty 3 → 仍然上屏
    ok 1 - 部分完成：done 1 / qty 3 → 仍然上屏
      ---
      duration_ms: 1.2271
      type: 'test'
      ...
    # Subtest: 🔴 加單：原本 x1 已完成，加到 x3 → 一定要重新亮起（唔可以靜默漏單）
    ok 2 - 🔴 加單：原本 x1 已完成，加到 x3 → 一定要重新亮起（唔可以靜默漏單）
      ---
      duration_ms: 0.475
      type: 'test'
      ...
    # Subtest: done_qty 大過 quantity（減件）→ clamp 落 quantity
    ok 3 - done_qty 大過 quantity（減件）→ clamp 落 quantity
      ---
      duration_ms: 0.6903
      type: 'test'
      ...
    # Subtest: done_qty 負數 → 夾做 0
    ok 4 - done_qty 負數 → 夾做 0
      ---
      duration_ms: 0.7855
      type: 'test'
      ...
    # Subtest: 冇狀態行 → doneQty 0
    ok 5 - 冇狀態行 → doneQty 0
      ---
      duration_ms: 0.9712
      type: 'test'
      ...
    1..5
ok 26 - buildKdsBoard · done_qty 語意
  ---
  duration_ms: 5.1641
  type: 'suite'
  ...
# Subtest: buildKdsBoard · 合併與排除
    # Subtest: 🔴 同一 itemKey 出現兩行（時價菜）→ 合併成一行，數量相加
    ok 1 - 🔴 同一 itemKey 出現兩行（時價菜）→ 合併成一行，數量相加
      ---
      duration_ms: 0.7208
      type: 'test'
      ...
    # Subtest: 撞 key 時 done_qty 對嘅係合併後嘅總數
    ok 2 - 撞 key 時 done_qty 對嘅係合併後嘅總數
      ---
      duration_ms: 0.3588
      type: 'test'
      ...
    # Subtest: 退菜（voided）唔上屏
    ok 3 - 退菜（voided）唔上屏
      ---
      duration_ms: 0.3348
      type: 'test'
      ...
    # Subtest: receipt / label 唔係工位，唔上屏
    ok 4 - receipt / label 唔係工位，唔上屏
      ---
      duration_ms: 0.2834
      type: 'test'
      ...
    # Subtest: quantity <= 0 嘅行唔上屏
    ok 5 - quantity <= 0 嘅行唔上屏
      ---
      duration_ms: 0.4151
      type: 'test'
      ...
    # Subtest: 規格譯成 optionLabel
    ok 6 - 規格譯成 optionLabel
      ---
      duration_ms: 0.4111
      type: 'test'
      ...
    1..6
ok 27 - buildKdsBoard · 合併與排除
  ---
  duration_ms: 4.3178
  type: 'suite'
  ...
# Subtest: buildKdsBoard · 上屏資格
    # Subtest: 🔴 冇 sentToKitchenAt（仲係 draft）→ 唔上屏
    ok 1 - 🔴 冇 sentToKitchenAt（仲係 draft）→ 唔上屏
      ---
      duration_ms: 0.4761
      type: 'test'
      ...
    # Subtest: 已結帳（settled）→ 唔上屏
    ok 2 - 已結帳（settled）→ 唔上屏
      ---
      duration_ms: 2.6979
      type: 'test'
      ...
    # Subtest: 已取消 → 唔上屏
    ok 3 - 已取消 → 唔上屏
      ---
      duration_ms: 0.3525
      type: 'test'
      ...
    # Subtest: 已付款但未出餐（paid）→ 要上屏（錢收咗但飯未做）
    ok 4 - 已付款但未出餐（paid）→ 要上屏（錢收咗但飯未做）
      ---
      duration_ms: 0.2304
      type: 'test'
      ...
    # Subtest: 超過 12 小時冇人動過 → 唔上屏
    ok 5 - 超過 12 小時冇人動過 → 唔上屏
      ---
      duration_ms: 1.7728
      type: 'test'
      ...
    # Subtest: 落單超過 12 小時、但啱啱加咗菜（updated_at 新）→ 仍然要上屏
    ok 6 - 落單超過 12 小時、但啱啱加咗菜（updated_at 新）→ 仍然要上屏
      ---
      duration_ms: 0.3303
      type: 'test'
      ...
    # Subtest: 全部完成 → 預設唔回（reload 之後唔應該再見到綠色卡）
    ok 7 - 全部完成 → 預設唔回（reload 之後唔應該再見到綠色卡）
      ---
      duration_ms: 0.302
      type: 'test'
      ...
    # Subtest: includeCompleted → 回（出餐台屏核對用）
    ok 8 - includeCompleted → 回（出餐台屏核對用）
      ---
      duration_ms: 0.2493
      type: 'test'
      ...
    # Subtest: 🔴 一張單有兩個工位：本工位做完、另一個未做 → 本工位唔應該再見到張卡
    ok 9 - 🔴 一張單有兩個工位：本工位做完、另一個未做 → 本工位唔應該再見到張卡
      ---
      duration_ms: 0.5994
      type: 'test'
      ...
    1..9
ok 28 - buildKdsBoard · 上屏資格
  ---
  duration_ms: 9.6542
  type: 'suite'
  ...
# Subtest: buildKdsBoard · 排序與統計
    # Subtest: 舊單行先
    ok 1 - 舊單行先
      ---
      duration_ms: 0.6309
      type: 'test'
      ...
    # Subtest: pending 用**未完成份數**，而且跨全部工位（唔扣 station 過濾）
    ok 2 - pending 用**未完成份數**，而且跨全部工位（唔扣 station 過濾）
      ---
      duration_ms: 1.4832
      type: 'test'
      ...
    # Subtest: 已完成嘅行唔計入 pending
    ok 3 - 已完成嘅行唔計入 pending
      ---
      duration_ms: 0.3988
      type: 'test'
      ...
    # Subtest: 🔴 stations 主來源係商家 printZones（後廚1/2/3、水吧1/2/3 各自獨立）
    ok 4 - 🔴 stations 主來源係商家 printZones（後廚1/2/3、水吧1/2/3 各自獨立）
      ---
      duration_ms: 0.5425
      type: 'test'
      ...
    # Subtest: 舊 printerGroups 只做 fallback（剔走 receipt / label）
    ok 5 - 舊 printerGroups 只做 fallback（剔走 receipt / label）
      ---
      duration_ms: 0.3267
      type: 'test'
      ...
    # Subtest: 訂單出現過嘅工位一定會入清單（即使 printerGroups 係空）
    ok 6 - 訂單出現過嘅工位一定會入清單（即使 printerGroups 係空）
      ---
      duration_ms: 0.3039
      type: 'test'
      ...
    # Subtest: stations 唔會夾硬塞入綁定嘅分區（要反映真實清單）
    ok 7 - stations 唔會夾硬塞入綁定嘅分區（要反映真實清單）
      ---
      duration_ms: 0.2842
      type: 'test'
      ...
    # Subtest: 冇 printZones、冇單、冇菜單 → 回空清單（UI 顯示「未設定打印分區」）
    ok 8 - 冇 printZones、冇單、冇菜單 → 回空清單（UI 顯示「未設定打印分區」）
      ---
      duration_ms: 0.2275
      type: 'test'
      ...
    1..8
ok 29 - buildKdsBoard · 排序與統計
  ---
  duration_ms: 4.7296
  type: 'suite'
  ...
# Subtest: remainingQtyOf
    # Subtest: 加總所有行嘅未完成份數
    ok 1 - 加總所有行嘅未完成份數
      ---
      duration_ms: 0.2656
      type: 'test'
      ...
    # Subtest: 空陣列 → 0
    ok 2 - 空陣列 → 0
      ---
      duration_ms: 0.1664
      type: 'test'
      ...
    1..2
ok 30 - remainingQtyOf
  ---
  duration_ms: 0.6153
  type: 'suite'
  ...
# (node:6672) [MODULE_TYPELESS_PACKAGE_JSON] Warning: Module type of file:///C:/dev/macauPos/macauPosSystem/src/lib/kds/stations.test.ts is not specified and it doesn't parse as CommonJS.
# Reparsing as ES module because module syntax was detected. This incurs a performance overhead.
# To eliminate this warning, add "type": "module" to C:\\dev\\macauPos\\macauPosSystem\\package.json.
# (Use `node --trace-warnings ...` to show where the warning was created)
# Subtest: deriveKdsStations · 主來源 = 商家 printZones
    # Subtest: 🔴 六個分區各自獨立呈現，一個都唔合併、一個都唔改名
    ok 1 - 🔴 六個分區各自獨立呈現，一個都唔合併、一個都唔改名
      ---
      duration_ms: 5.7307
      type: 'test'
      ...
    # Subtest: 🔴 唔會將自訂分區譯成「廚房 / 水吧」（舊版嘅核心 bug）
    ok 2 - 🔴 唔會將自訂分區譯成「廚房 / 水吧」（舊版嘅核心 bug）
      ---
      duration_ms: 3.3878
      type: 'test'
      ...
    # Subtest: 顯示名用商家打嘅名，唔係 id
    ok 3 - 顯示名用商家打嘅名，唔係 id
      ---
      duration_ms: 0.4182
      type: 'test'
      ...
    # Subtest: 商家改名 → 屏上即刻跟住變（因為名係由 printZones 提供）
    ok 4 - 商家改名 → 屏上即刻跟住變（因為名係由 printZones 提供）
      ---
      duration_ms: 2.7036
      type: 'test'
      ...
    # Subtest: 名係空白 → 退返 id（唔會顯示空白卡）
    ok 5 - 名係空白 → 退返 id（唔會顯示空白卡）
      ---
      duration_ms: 0.3386
      type: 'test'
      ...
    # Subtest: 冇任何菜、冇任何單嘅分區都要出現（後廚3 今晚未開都要揀得到）
    ok 6 - 冇任何菜、冇任何單嘅分區都要出現（後廚3 今晚未開都要揀得到）
      ---
      duration_ms: 0.3129
      type: 'test'
      ...
    # Subtest: 保持商家設定嘅次序（唔會自己排序）
    ok 7 - 保持商家設定嘅次序（唔會自己排序）
      ---
      duration_ms: 0.326
      type: 'test'
      ...
    # Subtest: 重複 id 會去重
    ok 8 - 重複 id 會去重
      ---
      duration_ms: 0.4972
      type: 'test'
      ...
    # Subtest: 壞資料（null / 空 id）一律跳過，唔會 crash
    ok 9 - 壞資料（null / 空 id）一律跳過，唔會 crash
      ---
      duration_ms: 0.723
      type: 'test'
      ...
    1..9
ok 31 - deriveKdsStations · 主來源 = 商家 printZones
  ---
  duration_ms: 18.5755
  type: 'suite'
  ...
# Subtest: deriveKdsStations · 舊資料補救
    # Subtest: 訂單出現過、但唔喺 printZones 嘅 id → 仍然要出現（唔可以令嗰啲單上唔到屏）
    ok 1 - 訂單出現過、但唔喺 printZones 嘅 id → 仍然要出現（唔可以令嗰啲單上唔到屏）
      ---
      duration_ms: 0.7464
      type: 'test'
      ...
    # Subtest: 舊 printer_groups 只做最後兜底，而且唔會蓋過 printZones
    ok 2 - 舊 printer_groups 只做最後兜底，而且唔會蓋過 printZones
      ---
      duration_ms: 0.4491
      type: 'test'
      ...
    # Subtest: receipt / label 係打印機 role 唔係分區 → 唔會出現喺崗位清單
    ok 3 - receipt / label 係打印機 role 唔係分區 → 唔會出現喺崗位清單
      ---
      duration_ms: 0.3108
      type: 'test'
      ...
    # Subtest: 但商家真係開咗一個叫 receipt 嘅分區 → 照樣尊重（唔會剔走）
    ok 4 - 但商家真係開咗一個叫 receipt 嘅分區 → 照樣尊重（唔會剔走）
      ---
      duration_ms: 2.5093
      type: 'test'
      ...
    1..4
ok 32 - deriveKdsStations · 舊資料補救
  ---
  duration_ms: 4.6578
  type: 'suite'
  ...
# Subtest: isLegacyNonStation
    # Subtest: receipt / label（大小寫、空白）都算舊資料排除項
    ok 1 - receipt / label（大小寫、空白）都算舊資料排除項
      ---
      duration_ms: 0.2604
      type: 'test'
      ...
    # Subtest: 正常分區名唔算
    ok 2 - 正常分區名唔算
      ---
      duration_ms: 1.9556
      type: 'test'
      ...
    1..2
ok 33 - isLegacyNonStation
  ---
  duration_ms: 2.6217
  type: 'suite'
  ...
# Subtest: needsStationPicker
    # Subtest: 只有一個分區 → 唔應該出選擇步驟（多餘一步 = 多一次誤按機會）
    ok 1 - 只有一個分區 → 唔應該出選擇步驟（多餘一步 = 多一次誤按機會）
      ---
      duration_ms: 0.6801
      type: 'test'
      ...
    # Subtest: 多過一個分區 → 要出選擇步驟
    ok 2 - 多過一個分區 → 要出選擇步驟
      ---
      duration_ms: 0.2824
      type: 'test'
      ...
    # Subtest: 一個分區都冇 → 唔會自動鎖定（要顯示「未設定分區」）
    ok 3 - 一個分區都冇 → 唔會自動鎖定（要顯示「未設定分區」）
      ---
      duration_ms: 0.1835
      type: 'test'
      ...
    1..3
ok 34 - needsStationPicker
  ---
  duration_ms: 1.4454
  type: 'suite'
  ...
# Subtest: isStationAvailable
    # Subtest: 綁定嘅分區仲喺清單度 → 有效
    ok 1 - 綁定嘅分區仲喺清單度 → 有效
      ---
      duration_ms: 0.3369
      type: 'test'
      ...
    # Subtest: 店家刪咗個分區 → 唔有效（設定卡要出提示；但**唔會**自動彈返揀崗位）
    ok 2 - 店家刪咗個分區 → 唔有效（設定卡要出提示；但**唔會**自動彈返揀崗位）
      ---
      duration_ms: 0.1774
      type: 'test'
      ...
    # Subtest: 空值一律唔有效
    ok 3 - 空值一律唔有效
      ---
      duration_ms: 0.1785
      type: 'test'
      ...
    1..3
ok 35 - isStationAvailable
  ---
  duration_ms: 1.1131
  type: 'suite'
  ...
# (node:21724) [MODULE_TYPELESS_PACKAGE_JSON] Warning: Module type of file:///C:/dev/macauPos/macauPosSystem/src/lib/kiosk-cart.test.ts is not specified and it doesn't parse as CommonJS.
# Reparsing as ES module because module syntax was detected. This incurs a performance overhead.
# To eliminate this warning, add "type": "module" to C:\\dev\\macauPos\\macauPosSystem\\package.json.
# (Use `node --trace-warnings ...` to show where the warning was created)
# Subtest: lineSignature：規格選擇次序唔影響簽名（先 A 後 B == 先 B 後 A）
ok 36 - lineSignature：規格選擇次序唔影響簽名（先 A 後 B == 先 B 後 A）
  ---
  duration_ms: 5.5092
  type: 'test'
  ...
# Subtest: lineSignature：規格 / 備註唔同就唔會合併
ok 37 - lineSignature：規格 / 備註唔同就唔會合併
  ---
  duration_ms: 1.356
  type: 'test'
  ...
# Subtest: mergeCartLine：同菜同規格自動合併數量（唔會出兩行）
ok 38 - mergeCartLine：同菜同規格自動合併數量（唔會出兩行）
  ---
  duration_ms: 1.3094
  type: 'test'
  ...
# Subtest: changeCartQty：減到 0 就移除該行
ok 39 - changeCartQty：減到 0 就移除該行
  ---
  duration_ms: 1.0908
  type: 'test'
  ...
# Subtest: computeOrderTotals：總計 = 小計 + 服務費 + 稅（同 buildKioskOrder 同源）
ok 40 - computeOrderTotals：總計 = 小計 + 服務費 + 稅（同 buildKioskOrder 同源）
  ---
  duration_ms: 1.7272
  type: 'test'
  ...
# Subtest: computeOrderTotals：冇設稅 / 服務費（或 rules 為 null）→ 總計 == 小計
ok 41 - computeOrderTotals：冇設稅 / 服務費（或 rules 為 null）→ 總計 == 小計
  ---
  duration_ms: 0.8622
  type: 'test'
  ...
# (node:17596) [MODULE_TYPELESS_PACKAGE_JSON] Warning: Module type of file:///C:/dev/macauPos/macauPosSystem/src/lib/ledger/date-range.test.ts is not specified and it doesn't parse as CommonJS.
# Reparsing as ES module because module syntax was detected. This incurs a performance overhead.
# To eliminate this warning, add "type": "module" to C:\\dev\\macauPos\\macauPosSystem\\package.json.
# (Use `node --trace-warnings ...` to show where the warning was created)
# Subtest: isValidDateKey：合法日期
ok 42 - isValidDateKey：合法日期
  ---
  duration_ms: 249.6531
  type: 'test'
  ...
# Subtest: isValidDateKey：格式錯
ok 43 - isValidDateKey：格式錯
  ---
  duration_ms: 0.9395
  type: 'test'
  ...
# Subtest: isValidDateKey：唔存在嘅日子要擋（防 Date 自動滾月）
ok 44 - isValidDateKey：唔存在嘅日子要擋（防 Date 自動滾月）
  ---
  duration_ms: 4.549
  type: 'test'
  ...
# Subtest: normalizeCustomRange：正常
ok 45 - normalizeCustomRange：正常
  ---
  duration_ms: 4.9423
  type: 'test'
  ...
# Subtest: normalizeCustomRange：單日區間
ok 46 - normalizeCustomRange：單日區間
  ---
  duration_ms: 7.4618
  type: 'test'
  ...
# Subtest: normalizeCustomRange：start > end 視為無效（唔自動對調）
ok 47 - normalizeCustomRange：start > end 視為無效（唔自動對調）
  ---
  duration_ms: 1.5285
  type: 'test'
  ...
# Subtest: normalizeCustomRange：任一端非法 → null
ok 48 - normalizeCustomRange：任一端非法 → null
  ---
  duration_ms: 1.6721
  type: 'test'
  ...
# Subtest: dateKeyToStartISO / dateKeyToEndISO：Macau 邊界
ok 49 - dateKeyToStartISO / dateKeyToEndISO：Macau 邊界
  ---
  duration_ms: 0.4728
  type: 'test'
  ...
# Subtest: customRangeToISO：頭尾都係 Macau 當日邊界
ok 50 - customRangeToISO：頭尾都係 Macau 當日邊界
  ---
  duration_ms: 1.2981
  type: 'test'
  ...
# Subtest: instantInRange：兩端皆含
ok 51 - instantInRange：兩端皆含
  ---
  duration_ms: 1.9829
  type: 'test'
  ...
# Subtest: instantInRange：接受 Date / number / ISO string
ok 52 - instantInRange：接受 Date / number / ISO string
  ---
  duration_ms: 0.8022
  type: 'test'
  ...
# Subtest: instantInRange：非法輸入一律 false
ok 53 - instantInRange：非法輸入一律 false
  ---
  duration_ms: 0.7792
  type: 'test'
  ...
# Subtest: instantInRange：跨月區間（8 月尾 → 9 月頭）
ok 54 - instantInRange：跨月區間（8 月尾 → 9 月頭）
  ---
  duration_ms: 0.4228
  type: 'test'
  ...
# Subtest: macauDateKeyOf：UTC 深夜要歸入澳門當日
ok 55 - macauDateKeyOf：UTC 深夜要歸入澳門當日
  ---
  duration_ms: 1.3677
  type: 'test'
  ...
# Subtest: macauDateKeyOf：非法 → null
ok 56 - macauDateKeyOf：非法 → null
  ---
  duration_ms: 0.424
  type: 'test'
  ...
# Subtest: customRangeLabel
ok 57 - customRangeLabel
  ---
  duration_ms: 0.3822
  type: 'test'
  ...
# (node:11540) [MODULE_TYPELESS_PACKAGE_JSON] Warning: Module type of file:///C:/dev/macauPos/macauPosSystem/src/lib/ledger/member-login-limit.test.ts is not specified and it doesn't parse as CommonJS.
# Reparsing as ES module because module syntax was detected. This incurs a performance overhead.
# To eliminate this warning, add "type": "module" to C:\\dev\\macauPos\\macauPosSystem\\package.json.
# (Use `node --trace-warnings ...` to show where the warning was created)
# Subtest: 全新 key：放行 + 剩餘等於上限
ok 58 - 全新 key：放行 + 剩餘等於上限
  ---
  duration_ms: 16.868
  type: 'test'
  ...
# Subtest: 連續敗 4 次仍然放行，剩餘遞減
ok 59 - 連續敗 4 次仍然放行，剩餘遞減
  ---
  duration_ms: 1.1192
  type: 'test'
  ...
# Subtest: 第 5 次失敗即鎖，回 900 秒
ok 60 - 第 5 次失敗即鎖，回 900 秒
  ---
  duration_ms: 1.0736
  type: 'test'
  ...
# Subtest: 鎖定中再 check 一律拒絕
ok 61 - 鎖定中再 check 一律拒絕
  ---
  duration_ms: 0.9051
  type: 'test'
  ...
# Subtest: 鎖定期過：恢復放行 + 剩餘回滿
ok 62 - 鎖定期過：恢復放行 + 剩餘回滿
  ---
  duration_ms: 0.9153
  type: 'test'
  ...
# Subtest: 未達上限但窗口已過：計數歸零（唔會跨窗口累積）
ok 63 - 未達上限但窗口已過：計數歸零（唔會跨窗口累積）
  ---
  duration_ms: 0.4943
  type: 'test'
  ...
# Subtest: 成功登入 clear 之後：即刻回復全部次數
ok 64 - 成功登入 clear 之後：即刻回復全部次數
  ---
  duration_ms: 0.8386
  type: 'test'
  ...
# Subtest: 唔同 key 互不影響（IP 維度同電話維度要分開）
ok 65 - 唔同 key 互不影響（IP 維度同電話維度要分開）
  ---
  duration_ms: 0.5201
  type: 'test'
  ...
# Subtest: 自訂參數：max 3 + 鎖 1 秒
ok 66 - 自訂參數：max 3 + 鎖 1 秒
  ---
  duration_ms: 1.4319
  type: 'test'
  ...
# (node:18684) [MODULE_TYPELESS_PACKAGE_JSON] Warning: Module type of file:///C:/dev/macauPos/macauPosSystem/src/lib/ledger/member-pay.test.ts is not specified and it doesn't parse as CommonJS.
# Reparsing as ES module because module syntax was detected. This incurs a performance overhead.
# To eliminate this warning, add "type": "module" to C:\\dev\\macauPos\\macauPosSystem\\package.json.
# (Use `node --trace-warnings ...` to show where the warning was created)
# Subtest: 冪等鍵格式必須係 scan-debit:{merchant}:{order}
ok 67 - 冪等鍵格式必須係 scan-debit:{merchant}:{order}
  ---
  duration_ms: 5.5085
  type: 'test'
  ...
# Subtest: 冪等鍵符合 Ledger 字符集 [A-Za-z0-9._:-]{8,128}
ok 68 - 冪等鍵符合 Ledger 字符集 [A-Za-z0-9._:-]{8,128}
  ---
  duration_ms: 2.4694
  type: 'test'
  ...
# Subtest: 非法字元會被換成 dash 而唔會 throw
ok 69 - 非法字元會被換成 dash 而唔會 throw
  ---
  duration_ms: 1.0186
  type: 'test'
  ...
# Subtest: 超長 key 會被截到 128 字
ok 70 - 超長 key 會被截到 128 字
  ---
  duration_ms: 0.7017
  type: 'test'
  ...
# Subtest: 免 PIN：登入後即時免 PIN
ok 71 - 免 PIN：登入後即時免 PIN
  ---
  duration_ms: 4.8832
  type: 'test'
  ...
# Subtest: 免 PIN：179.9 秒仍然免、180 秒起失效
ok 72 - 免 PIN：179.9 秒仍然免、180 秒起失效
  ---
  duration_ms: 0.6133
  type: 'test'
  ...
# Subtest: 免 PIN：未登入（null）一律要 PIN
ok 73 - 免 PIN：未登入（null）一律要 PIN
  ---
  duration_ms: 0.5213
  type: 'test'
  ...
# Subtest: 免 PIN：時間倒退（時鐘異常）唔會變成負數
ok 74 - 免 PIN：時間倒退（時鐘異常）唔會變成負數
  ---
  duration_ms: 0.5063
  type: 'test'
  ...
# Subtest: formatElapsed：只顯示分同秒
ok 75 - formatElapsed：只顯示分同秒
  ---
  duration_ms: 3.3666
  type: 'test'
  ...
# Subtest: formatElapsed：負數 / NaN 當 0 秒
ok 76 - formatElapsed：負數 / NaN 當 0 秒
  ---
  duration_ms: 10.6726
  type: 'test'
  ...
# Subtest: mopToAvos 用 round 而唔係 floor（浮點誤差）
ok 77 - mopToAvos 用 round 而唔係 floor（浮點誤差）
  ---
  duration_ms: 1.0781
  type: 'test'
  ...
# Subtest: avosToMop 反算一致
ok 78 - avosToMop 反算一致
  ---
  duration_ms: 0.7228
  type: 'test'
  ...
# Subtest: formatRetryClock 用本地時鐘砌 HH:MM
ok 79 - formatRetryClock 用本地時鐘砌 HH:MM
  ---
  duration_ms: 2.9992
  type: 'test'
  ...
# (node:11092) [MODULE_TYPELESS_PACKAGE_JSON] Warning: Module type of file:///C:/dev/macauPos/macauPosSystem/src/lib/ledger/order-config-parse.test.ts is not specified and it doesn't parse as CommonJS.
# Reparsing as ES module because module syntax was detected. This incurs a performance overhead.
# To eliminate this warning, add "type": "module" to C:\\dev\\macauPos\\macauPosSystem\\package.json.
# (Use `node --trace-warnings ...` to show where the warning was created)
# Subtest: parseMerchantOrderConfig
    # Subtest: 標準 snake_case 回傳 → 全部照讀
    ok 1 - 標準 snake_case 回傳 → 全部照讀
      ---
      duration_ms: 6.7378
      type: 'test'
      ...
    # Subtest: camelCase 回傳一樣讀得到
    ok 2 - camelCase 回傳一樣讀得到
      ---
      duration_ms: 0.613
      type: 'test'
      ...
    # Subtest: 🔴 缺 merchant_enabled 欄 → null（唔可以當 true／false）
    ok 3 - 🔴 缺 merchant_enabled 欄 → null（唔可以當 true／false）
      ---
      duration_ms: 0.7906
      type: 'test'
      ...
    # Subtest: 🔴 空物件 / null / 純字串 → merchantEnabled 一律 null
    ok 4 - 🔴 空物件 / null / 純字串 → merchantEnabled 一律 null
      ---
      duration_ms: 0.6097
      type: 'test'
      ...
    # Subtest: 字串 "false" 唔可以當 truthy（會反轉成「開」）
    ok 5 - 字串 "false" 唔可以當 truthy（會反轉成「開」）
      ---
      duration_ms: 0.9209
      type: 'test'
      ...
    # Subtest: 0 / 1 數字寫法一樣支援
    ok 6 - 0 / 1 數字寫法一樣支援
      ---
      duration_ms: 0.6037
      type: 'test'
      ...
    # Subtest: 陣列包住一行 → 取第一行
    ok 7 - 陣列包住一行 → 取第一行
      ---
      duration_ms: 0.7875
      type: 'test'
      ...
    # Subtest: 包一層 { config: {...} } → 拆開
    ok 8 - 包一層 { config: {...} } → 拆開
      ---
      duration_ms: 0.8931
      type: 'test'
      ...
    # Subtest: auto_accept 缺欄 → false（同 POS 本地 default 一致）
    ok 9 - auto_accept 缺欄 → false（同 POS 本地 default 一致）
      ---
      duration_ms: 1.171
      type: 'test'
      ...
    1..9
ok 80 - parseMerchantOrderConfig
  ---
  duration_ms: 19.0621
  type: 'suite'
  ...
# Subtest: isRpcMissingError
    # Subtest: PostgREST 揾唔到函式 → true
    ok 1 - PostgREST 揾唔到函式 → true
      ---
      duration_ms: 1.0986
      type: 'test'
      ...
    # Subtest: 普通業務錯誤 → false
    ok 2 - 普通業務錯誤 → false
      ---
      duration_ms: 0.3623
      type: 'test'
      ...
    1..2
ok 81 - isRpcMissingError
  ---
  duration_ms: 2.3401
  type: 'suite'
  ...
# Subtest: describeOrderConfigBlockers
    # Subtest: 正常營業中 → 冇 blocker
    ok 1 - 正常營業中 → 冇 blocker
      ---
      duration_ms: 2.6461
      type: 'test'
      ...
    # Subtest: admin_enabled=false → 平台未核可（店員解唔到）
    ok 2 - admin_enabled=false → 平台未核可（店員解唔到）
      ---
      duration_ms: 0.4367
      type: 'test'
      ...
    # Subtest: merchant_enabled=false → 已暫停接單（店員自己開得返）
    ok 3 - merchant_enabled=false → 已暫停接單（店員自己開得返）
      ---
      duration_ms: 0.7046
      type: 'test'
      ...
    # Subtest: suspended → 列出帳號狀態
    ok 4 - suspended → 列出帳號狀態
      ---
      duration_ms: 0.7674
      type: 'test'
      ...
    # Subtest: 時段外（hours_enabled=true 且 open_now=false）→ 休息中
    ok 5 - 時段外（hours_enabled=true 且 open_now=false）→ 休息中
      ---
      duration_ms: 0.4161
      type: 'test'
      ...
    # Subtest: 全天接單（hours_enabled=false）就算 open_now 缺欄都唔會亂報休息
    ok 6 - 全天接單（hours_enabled=false）就算 open_now 缺欄都唔會亂報休息
      ---
      duration_ms: 0.3774
      type: 'test'
      ...
    # Subtest: 全缺欄 → 唔亂嚇人，唔列 blocker
    ok 7 - 全缺欄 → 唔亂嚇人，唔列 blocker
      ---
      duration_ms: 0.3703
      type: 'test'
      ...
    1..7
ok 82 - describeOrderConfigBlockers
  ---
  duration_ms: 6.4204
  type: 'suite'
  ...
# Subtest: hasAnyOnlinePayment
    # Subtest: 兩種都關 → false（開店會畀 RPC 拒）
    ok 1 - 兩種都關 → false（開店會畀 RPC 拒）
      ---
      duration_ms: 0.5761
      type: 'test'
      ...
    # Subtest: 有一邊開 → true
    ok 2 - 有一邊開 → true
      ---
      duration_ms: 0.3325
      type: 'test'
      ...
    # Subtest: 兩邊都缺欄 → null（無從判斷）
    ok 3 - 兩邊都缺欄 → null（無從判斷）
      ---
      duration_ms: 0.2874
      type: 'test'
      ...
    1..3
ok 83 - hasAnyOnlinePayment
  ---
  duration_ms: 1.587
  type: 'suite'
  ...
# (node:22896) [MODULE_TYPELESS_PACKAGE_JSON] Warning: Module type of file:///C:/dev/macauPos/macauPosSystem/src/lib/ledger/order-item-specs.test.ts is not specified and it doesn't parse as CommonJS.
# Reparsing as ES module because module syntax was detected. This incurs a performance overhead.
# To eliminate this warning, add "type": "module" to C:\\dev\\macauPos\\macauPosSystem\\package.json.
# (Use `node --trace-warnings ...` to show where the warning was created)
# Subtest: parseOrderItemSpecs：扁平平鋪
    # Subtest: 由 options 陣列抽出 group / option / 加價（MOP）
    ok 1 - 由 options 陣列抽出 group / option / 加價（MOP）
      ---
      duration_ms: 11.4835
      type: 'test'
      ...
    # Subtest: ── avos 欄位自動除 100（`price_delta_avos: 500` = +$5）
    ok 2 - ── avos 欄位自動除 100（`price_delta_avos: 500` = +$5）
      ---
      duration_ms: 1.0698
      type: 'test'
      ...
    # Subtest: id / name 三種別名都認
    ok 3 - id / name 三種別名都認
      ---
      duration_ms: 1.3418
      type: 'test'
      ...
    1..3
ok 84 - parseOrderItemSpecs：扁平平鋪
  ---
  duration_ms: 17.7075
  type: 'suite'
  ...
# Subtest: parseOrderItemSpecs：group 包選項
    # Subtest: 列出全部選項時只取 `selected: true`
    ok 1 - 列出全部選項時只取 `selected: true`
      ---
      duration_ms: 1.3606
      type: 'test'
      ...
    # Subtest: 完全冇旗標 → 當列出嘅就係已選
    ok 2 - 完全冇旗標 → 當列出嘅就係已選
      ---
      duration_ms: 0.9874
      type: 'test'
      ...
    # Subtest: 有旗標但全部 false → 唔出任何規格（避免印一堆未揀嘅選項）
    ok 3 - 有旗標但全部 false → 唔出任何規格（避免印一堆未揀嘅選項）
      ---
      duration_ms: 0.6854
      type: 'test'
      ...
    1..3
ok 85 - parseOrderItemSpecs：group 包選項
  ---
  duration_ms: 4.1766
  type: 'suite'
  ...
# Subtest: parseOrderItemSpecs：整條規格文字（Ledger 自家單據格式）
    # Subtest: 拆 `*群組:選項` 並抽出尾綴加價
    ok 1 - 拆 `*群組:選項` 並抽出尾綴加價
      ---
      duration_ms: 4.0351
      type: 'test'
      ...
    # Subtest: 認 `-` 負加價同 `$` 前綴
    ok 2 - 認 `-` 負加價同 `$` 前綴
      ---
      duration_ms: 1.3276
      type: 'test'
      ...
    # Subtest: 陣列入面直接放字串一樣拆得開
    ok 3 - 陣列入面直接放字串一樣拆得開
      ---
      duration_ms: 1.2326
      type: 'test'
      ...
    1..3
ok 86 - parseOrderItemSpecs：整條規格文字（Ledger 自家單據格式）
  ---
  duration_ms: 8.7338
  type: 'suite'
  ...
# Subtest: parseOrderItemSpecs：唔出亂碼
    # Subtest: 空 / 垃圾輸入 → []
    ok 1 - 空 / 垃圾輸入 → []
      ---
      duration_ms: 1.0346
      type: 'test'
      ...
    # Subtest: 純 id 而欄名唔係 selected*：唔收（怕係「全部可選項」清單）
    ok 2 - 純 id 而欄名唔係 selected*：唔收（怕係「全部可選項」清單）
      ---
      duration_ms: 0.4561
      type: 'test'
      ...
    # Subtest: 純 id 但欄名寫明 selected*：收，等本地餐牌補文字
    ok 3 - 純 id 但欄名寫明 selected*：收，等本地餐牌補文字
      ---
      duration_ms: 2.268
      type: 'test'
      ...
    # Subtest: 同一個 group:option 出現兩次（options + modifiers）只出一次
    ok 4 - 同一個 group:option 出現兩次（options + modifiers）只出一次
      ---
      duration_ms: 0.6813
      type: 'test'
      ...
    1..4
ok 87 - parseOrderItemSpecs：唔出亂碼
  ---
  duration_ms: 4.992
  type: 'suite'
  ...
# Subtest: enrichSpecsFromMenu：用本地同步餐牌補文字
    # Subtest: 只有 group_name / option_name（冇 id）→ 靠名撞返 id 同加價
    ok 1 - 只有 group_name / option_name（冇 id）→ 靠名撞返 id 同加價
      ---
      duration_ms: 1.2688
      type: 'test'
      ...
    # Subtest: 只有 optionId（group 對唔到）→ 全餐牌掃 id
    ok 2 - 只有 optionId（group 對唔到）→ 全餐牌掃 id
      ---
      duration_ms: 0.5639
      type: 'test'
      ...
    # Subtest: 用 groupId 對到 group、但 optionId 對唔到選項 → 至少補 group 名
    ok 3 - 用 groupId 對到 group、但 optionId 對唔到選項 → 至少補 group 名
      ---
      duration_ms: 0.3974
      type: 'test'
      ...
    # Subtest: 冇本地餐牌 → 原封不動
    ok 4 - 冇本地餐牌 → 原封不動
      ---
      duration_ms: 0.5424
      type: 'test'
      ...
    1..4
ok 88 - enrichSpecsFromMenu：用本地同步餐牌補文字
  ---
  duration_ms: 3.5698
  type: 'suite'
  ...
# Subtest: toResolvedSpecs：收窄成 OrderItem.selectedSpecs
    # Subtest: 冇 optionLabel 一律唔要
    ok 1 - 冇 optionLabel 一律唔要
      ---
      duration_ms: 0.9689
      type: 'test'
      ...
    # Subtest: groupName 缺失 → 填「規格」，避免印出開頭係冒號嘅行
    ok 2 - groupName 缺失 → 填「規格」，避免印出開頭係冒號嘅行
      ---
      duration_ms: 0.4806
      type: 'test'
      ...
    1..2
ok 89 - toResolvedSpecs：收窄成 OrderItem.selectedSpecs
  ---
  duration_ms: 1.81
  type: 'suite'
  ...
# Subtest: 端到端：商家實紙嗰張單
    # Subtest: Ledger 明細 → 規格行字串（同廚房單 `group:option +$X` 口徑一致）
    ok 1 - Ledger 明細 → 規格行字串（同廚房單 `group:option +$X` 口徑一致）
      ---
      duration_ms: 1.1344
      type: 'test'
      ...
    1..1
ok 90 - 端到端：商家實紙嗰張單
  ---
  duration_ms: 1.4425
  type: 'suite'
  ...
# Subtest: 實機 RPC 回應（selected_specs）
    # Subtest: 真欄名 `selected_specs` 一定要 parse 到（回歸：舊版漏咗呢個名）
    ok 1 - 真欄名 `selected_specs` 一定要 parse 到（回歸：舊版漏咗呢個名）
      ---
      duration_ms: 0.9306
      type: 'test'
      ...
    # Subtest: 渲染成廚房單／收據嘅 spec 行（`group:option $X`）
    ok 2 - 渲染成廚房單／收據嘅 spec 行（`group:option $X`）
      ---
      duration_ms: 0.7086
      type: 'test'
      ...
    # Subtest: 其餘真欄位（id / product_id / unit_price_avos …）唔會被當成規格
    ok 3 - 其餘真欄位（id / product_id / unit_price_avos …）唔會被當成規格
      ---
      duration_ms: 0.4452
      type: 'test'
      ...
    1..3
ok 91 - 實機 RPC 回應（selected_specs）
  ---
  duration_ms: 2.4985
  type: 'suite'
  ...
# Subtest: object map 形式（group → 已選選項）
    # Subtest: 欄名寫明 selected* 時，map 形式都收
    ok 1 - 欄名寫明 selected* 時，map 形式都收
      ---
      duration_ms: 1.5995
      type: 'test'
      ...
    # Subtest: 欄名唔係 selected*（可能係「全部可選項」清單）→ map 形式唔收
    ok 2 - 欄名唔係 selected*（可能係「全部可選項」清單）→ map 形式唔收
      ---
      duration_ms: 0.5218
      type: 'test'
      ...
    1..2
ok 92 - object map 形式（group → 已選選項）
  ---
  duration_ms: 2.4723
  type: 'suite'
  ...
# (node:12636) [MODULE_TYPELESS_PACKAGE_JSON] Warning: Module type of file:///C:/dev/macauPos/macauPosSystem/src/lib/ledger/report-range-criterion.test.ts is not specified and it doesn't parse as CommonJS.
# Reparsing as ES module because module syntax was detected. This incurs a performance overhead.
# To eliminate this warning, add "type": "module" to C:\\dev\\macauPos\\macauPosSystem\\package.json.
# (Use `node --trace-warnings ...` to show where the warning was created)
# Subtest: 🔴 迴歸：2026-09-19 實案 —— 單 001 唔可以兩個清單都收
ok 93 - 🔴 迴歸：2026-09-19 實案 —— 單 001 唔可以兩個清單都收
  ---
  duration_ms: 100.6398
  type: 'test'
  ...
# Subtest: 🔴 迴歸：單 001 唔會因為兩個欄位而落入兩個唔同日界
ok 94 - 🔴 迴歸：單 001 唔會因為兩個欄位而落入兩個唔同日界
  ---
  duration_ms: 3.5187
  type: 'test'
  ...
# Subtest: 🔴 迴歸：跨午夜結帳 —— 23:58 落單 / 00:02 結帳只算「收到錢嗰日」
ok 95 - 🔴 迴歸：跨午夜結帳 —— 23:58 落單 / 00:02 結帳只算「收到錢嗰日」
  ---
  duration_ms: 6.7957
  type: 'test'
  ...
# Subtest: 🔴 迴歸：返結單歸屬返結嗰日（唔係首次結帳日）
ok 96 - 🔴 迴歸：返結單歸屬返結嗰日（唔係首次結帳日）
  ---
  duration_ms: 2.402
  type: 'test'
  ...
# Subtest: 🔴 迴歸：一批真實單用兩個 predicate 篩，結果必須逐張相同
ok 97 - 🔴 迴歸：一批真實單用兩個 predicate 篩，結果必須逐張相同
  ---
  duration_ms: 13.6844
  type: 'test'
  ...
# Subtest: 🔴 迴歸：9 張真實單 → 加總必須係 474，唔係 512
ok 98 - 🔴 迴歸：9 張真實單 → 加總必須係 474，唔係 512
  ---
  duration_ms: 0.6491
  type: 'test'
  ...
# (node:22052) [MODULE_TYPELESS_PACKAGE_JSON] Warning: Module type of file:///C:/dev/macauPos/macauPosSystem/src/lib/ledger/scan-debit-crypto.test.ts is not specified and it doesn't parse as CommonJS.
# Reparsing as ES module because module syntax was detected. This incurs a performance overhead.
# To eliminate this warning, add "type": "module" to C:\\dev\\macauPos\\macauPosSystem\\package.json.
# (Use `node --trace-warnings ...` to show where the warning was created)
# Subtest: 簽名係 hex-64，且決定性（同輸入同輸出）
ok 99 - 簽名係 hex-64，且決定性（同輸入同輸出）
  ---
  duration_ms: 8.4149
  type: 'test'
  ...
# Subtest: 換 secret / timestamp / body 任一項都應該變簽名
ok 100 - 換 secret / timestamp / body 任一項都應該變簽名
  ---
  duration_ms: 1.7918
  type: 'test'
  ...
# Subtest: 簽名綁 body 字串本身：key 順序唔同 = 唔同簽名（證明一定簽原始字串）
ok 101 - 簽名綁 body 字串本身：key 順序唔同 = 唔同簽名（證明一定簽原始字串）
  ---
  duration_ms: 0.6964
  type: 'test'
  ...
# Subtest: 驗簽：正確通過
ok 102 - 驗簽：正確通過
  ---
  duration_ms: 1.6398
  type: 'test'
  ...
# Subtest: 驗簽：容許 sha256= 前綴
ok 103 - 驗簽：容許 sha256= 前綴
  ---
  duration_ms: 0.6432
  type: 'test'
  ...
# Subtest: 驗簽：超過 5 分鐘即失效
ok 104 - 驗簽：超過 5 分鐘即失效
  ---
  duration_ms: 0.6447
  type: 'test'
  ...
# Subtest: 驗簽：body 被改（replay 後改金額）即失效
ok 105 - 驗簽：body 被改（replay 後改金額）即失效
  ---
  duration_ms: 0.5102
  type: 'test'
  ...
# Subtest: 時戳用 unix 秒字串
ok 106 - 時戳用 unix 秒字串
  ---
  duration_ms: 0.4467
  type: 'test'
  ...
# Subtest: 免 PIN 令牌：簽發後即刻有效，180 秒後失效
ok 107 - 免 PIN 令牌：簽發後即刻有效，180 秒後失效
  ---
  duration_ms: 16.6321
  type: 'test'
  ...
# Subtest: 免 PIN 令牌：唔可以換人用（customerId 綁死）
ok 108 - 免 PIN 令牌：唔可以換人用（customerId 綁死）
  ---
  duration_ms: 1.7672
  type: 'test'
  ...
# Subtest: 免 PIN 令牌：改過期時間會壞簽名
ok 109 - 免 PIN 令牌：改過期時間會壞簽名
  ---
  duration_ms: 0.8725
  type: 'test'
  ...
# Subtest: 免 PIN 令牌：換 pepper 即失效
ok 110 - 免 PIN 令牌：換 pepper 即失效
  ---
  duration_ms: 0.9877
  type: 'test'
  ...
# Subtest: 免 PIN 令牌：格式唔對（少段 / 多段）一律 malformed
ok 111 - 免 PIN 令牌：格式唔對（少段 / 多段）一律 malformed
  ---
  duration_ms: 0.8957
  type: 'test'
  ...
# Subtest: 🔴 唔可以用 pepper 直接簽（派生密鑰必須唔等於 pepper 本身）
ok 112 - 🔴 唔可以用 pepper 直接簽（派生密鑰必須唔等於 pepper 本身）
  ---
  duration_ms: 0.5057
  type: 'test'
  ...
# (node:26400) [MODULE_TYPELESS_PACKAGE_JSON] Warning: Module type of file:///C:/dev/macauPos/macauPosSystem/src/lib/pos-order-filters.test.ts is not specified and it doesn't parse as CommonJS.
# Reparsing as ES module because module syntax was detected. This incurs a performance overhead.
# To eliminate this warning, add "type": "module" to C:\\dev\\macauPos\\macauPosSystem\\package.json.
# (Use `node --trace-warnings ...` to show where the warning was created)
# Subtest: isQuickOrderReady（快餐出餐階段唯一真源）
    # Subtest: 只看 fulfillmentStatus：sent_to_kitchen + ready 都算「可取餐」
    ok 1 - 只看 fulfillmentStatus：sent_to_kitchen + ready 都算「可取餐」
      ---
      duration_ms: 3.269
      type: 'test'
      ...
    # Subtest: preparing / 未設定 → 唔算
    ok 2 - preparing / 未設定 → 唔算
      ---
      duration_ms: 0.5754
      type: 'test'
      ...
    # Subtest: 終態殘留 ready 唔會令張單變「待取餐」（只有進行中單睇出餐階段）
    ok 3 - 終態殘留 ready 唔會令張單變「待取餐」（只有進行中單睇出餐階段）
      ---
      duration_ms: 0.8146
      type: 'test'
      ...
    1..3
ok 113 - isQuickOrderReady（快餐出餐階段唯一真源）
  ---
  duration_ms: 8.7535
  type: 'suite'
  ...
# Subtest: getPaymentBadge（快餐付款維度）
    # Subtest: paid / settled 都係「已結帳」
    ok 1 - paid / settled 都係「已結帳」
      ---
      duration_ms: 2.2845
      type: 'test'
      ...
    # Subtest: draft / sent_to_kitchen 係「未結帳」
    ok 2 - draft / sent_to_kitchen 係「未結帳」
      ---
      duration_ms: 0.7178
      type: 'test'
      ...
    1..2
ok 114 - getPaymentBadge（快餐付款維度）
  ---
  duration_ms: 3.8368
  type: 'suite'
  ...
# Subtest: mergeTimestamp（同一鐘域：client 鐘優先）
    # Subtest: 有 clientUpdatedAt 就用佢，唔理 server 蓋章嘅 updatedAt
    ok 1 - 有 clientUpdatedAt 就用佢，唔理 server 蓋章嘅 updatedAt
      ---
      duration_ms: 1.4539
      type: 'test'
      ...
    # Subtest: 冇 clientUpdatedAt（本機新建未上雲 / 舊 row）→ 退回 updatedAt
    ok 2 - 冇 clientUpdatedAt（本機新建未上雲 / 舊 row）→ 退回 updatedAt
      ---
      duration_ms: 1.2946
      type: 'test'
      ...
    1..2
ok 115 - mergeTimestamp（同一鐘域：client 鐘優先）
  ---
  duration_ms: 4.3593
  type: 'suite'
  ...
# Subtest: mergeOrderLists：付款階段單向閘（2026-09-12 實案）
    # Subtest: 已結帳（paid）唔會被「雲端扮新」嘅未結帳 snapshot 蓋走 —— 就算 updatedAt 較新
    ok 1 - 已結帳（paid）唔會被「雲端扮新」嘅未結帳 snapshot 蓋走 —— 就算 updatedAt 較新
      ---
      duration_ms: 2.2526
      type: 'test'
      ...
    # Subtest: 就算 incoming 帶埋較新嘅 client 鐘，已收款狀態仍然唔會被降級（防跨機時鐘偏移）
    ok 2 - 就算 incoming 帶埋較新嘅 client 鐘，已收款狀態仍然唔會被降級（防跨機時鐘偏移）
      ---
      duration_ms: 1.0341
      type: 'test'
      ...
    # Subtest: 反向：雲端已收款、本機仲係 open → 收款（前進）一定贏，並保留本機單號
    ok 3 - 反向：雲端已收款、本機仲係 open → 收款（前進）一定贏，並保留本機單號
      ---
      duration_ms: 2.1379
      type: 'test'
      ...
    # Subtest: 合法降級照通：取消結帳（cancelled 係終態）可以贏過已收款單
    ok 4 - 合法降級照通：取消結帳（cancelled 係終態）可以贏過已收款單
      ---
      duration_ms: 0.7197
      type: 'test'
      ...
    # Subtest: 合法反轉照通：返結（reopened）可以反轉已結帳單（LWW 決定）
    ok 5 - 合法反轉照通：返結（reopened）可以反轉已結帳單（LWW 決定）
      ---
      duration_ms: 0.5202
      type: 'test'
      ...
    # Subtest: 終態優先仍然有效：settled 唔會被 open snapshot 蓋走
    ok 6 - 終態優先仍然有效：settled 唔會被 open snapshot 蓋走
      ---
      duration_ms: 1.2182
      type: 'test'
      ...
    # Subtest: 🔴 返結（reopened）唔會被「雲端扮新」嘅 paid snapshot 蓋返做已結帳
    ok 7 - 🔴 返結（reopened）唔會被「雲端扮新」嘅 paid snapshot 蓋返做已結帳
      ---
      duration_ms: 4.5933
      type: 'test'
      ...
    # Subtest: 🔴 就算 incoming 帶埋較新嘅 client 鐘，返結狀態仍然守得住（防跨機時鐘偏移）
    ok 8 - 🔴 就算 incoming 帶埋較新嘅 client 鐘，返結狀態仍然守得住（防跨機時鐘偏移）
      ---
      duration_ms: 0.6185
      type: 'test'
      ...
    # Subtest: 🔴 返結唔會被舊 settled snapshot 蓋走（同一守門）
    ok 9 - 🔴 返結唔會被舊 settled snapshot 蓋走（同一守門）
      ---
      duration_ms: 0.5028
      type: 'test'
      ...
    # Subtest: 返結之後嘅合法前進照通：重結寫 settled（帶同一返結審計欄）要贏
    ok 10 - 返結之後嘅合法前進照通：重結寫 settled（帶同一返結審計欄）要贏
      ---
      duration_ms: 0.6467
      type: 'test'
      ...
    # Subtest: 返結之後嘅合法作廢照通：取消寫 cancelled（終態）要贏
    ok 11 - 返結之後嘅合法作廢照通：取消寫 cancelled（終態）要贏
      ---
      duration_ms: 0.4863
      type: 'test'
      ...
    # Subtest: 兩個 open 版本照行 LWW，而且用 client 鐘（唔會被 server 蓋章時間騙）
    ok 12 - 兩個 open 版本照行 LWW，而且用 client 鐘（唔會被 server 蓋章時間騙）
      ---
      duration_ms: 6.5086
      type: 'test'
      ...
    # Subtest: 多來源（本機 + React state + 雲端 backfill）唔會丟單 / 唔會重複
    ok 13 - 多來源（本機 + React state + 雲端 backfill）唔會丟單 / 唔會重複
      ---
      duration_ms: 0.7651
      type: 'test'
      ...
    1..13
ok 116 - mergeOrderLists：付款階段單向閘（2026-09-12 實案）
  ---
  duration_ms: 24.3789
  type: 'suite'
  ...
# Subtest: isPaidOrderStatus
    # Subtest: 覆蓋所有已收款 / 收款後結局，唔包括 open 同 cancelled / reopened
    ok 1 - 覆蓋所有已收款 / 收款後結局，唔包括 open 同 cancelled / reopened
      ---
      duration_ms: 0.9325
      type: 'test'
      ...
    1..1
ok 117 - isPaidOrderStatus
  ---
  duration_ms: 5.0172
  type: 'suite'
  ...
# Subtest: getPaymentBadge 型別契約
    # Subtest: 回傳完整 badge token（bg / text / dot），UI 可以直接套 className
    ok 1 - 回傳完整 badge token（bg / text / dot），UI 可以直接套 className
      ---
      duration_ms: 0.7457
      type: 'test'
      ...
    1..1
ok 118 - getPaymentBadge 型別契約
  ---
  duration_ms: 1.0348
  type: 'suite'
  ...
# Subtest: 快餐模式採納線上單（2026-09-12：isQuickCounterOrder 放寬）
    # Subtest: 線上單採納成 counter 單之後算「快餐 counter 單」（要入快餐 strip 行可取餐→完成）
    ok 1 - 線上單採納成 counter 單之後算「快餐 counter 單」（要入快餐 strip 行可取餐→完成）
      ---
      duration_ms: 0.7485
      type: 'test'
      ...
    # Subtest: 線上 counter 單唔會入「店內線下訂單」（分工：快餐 strip 管）
    ok 2 - 線上 counter 單唔會入「店內線下訂單」（分工：快餐 strip 管）
      ---
      duration_ms: 0.5006
      type: 'test'
      ...
    # Subtest: 本地 counter 單 / 真枱堂食單行為不變（放寬唔可以誤傷）
    ok 3 - 本地 counter 單 / 真枱堂食單行為不變（放寬唔可以誤傷）
      ---
      duration_ms: 0.3577
      type: 'test'
      ...
    # Subtest: 線上已付快餐單：「已結帳」+ 出餐階段照正常流程（製作中 → 待取餐）
    ok 4 - 線上已付快餐單：「已結帳」+ 出餐階段照正常流程（製作中 → 待取餐）
      ---
      duration_ms: 0.4663
      type: 'test'
      ...
    # Subtest: 未收款（到店付款）嘅線上快餐單係「未結帳」
    ok 5 - 未收款（到店付款）嘅線上快餐單係「未結帳」
      ---
      duration_ms: 0.868
      type: 'test'
      ...
    # Subtest: 終態（settled）唔會再出現喺快餐 strip
    ok 6 - 終態（settled）唔會再出現喺快餐 strip
      ---
      duration_ms: 1.5087
      type: 'test'
      ...
    1..6
ok 119 - 快餐模式採納線上單（2026-09-12：isQuickCounterOrder 放寬）
  ---
  duration_ms: 5.4256
  type: 'suite'
  ...
# Subtest: transferredLedgerOrderIds（排位後唔應該兩邊同時出現）
    # Subtest: 線上堂食單排咗位（真枱號）→ 要由線上列表剔走
    ok 1 - 線上堂食單排咗位（真枱號）→ 要由線上列表剔走
      ---
      duration_ms: 0.8481
      type: 'test'
      ...
    # Subtest: 快餐採納嘅 counter 單唔會被剔走（佢喺快餐 strip 管理，線上列表仍然係來源記錄）
    ok 2 - 快餐採納嘅 counter 單唔會被剔走（佢喺快餐 strip 管理，線上列表仍然係來源記錄）
      ---
      duration_ms: 0.4291
      type: 'test'
      ...
    # Subtest: 本地單（冇 onlineOrderId）一律唔關事
    ok 3 - 本地單（冇 onlineOrderId）一律唔關事
      ---
      duration_ms: 0.3691
      type: 'test'
      ...
    # Subtest: 同一批混合：只剔走已排位嗰張
    ok 4 - 同一批混合：只剔走已排位嗰張
      ---
      duration_ms: 12.23
      type: 'test'
      ...
    1..4
ok 120 - transferredLedgerOrderIds（排位後唔應該兩邊同時出現）
  ---
  duration_ms: 18.4273
  type: 'suite'
  ...
# (node:12100) [MODULE_TYPELESS_PACKAGE_JSON] Warning: Module type of file:///C:/dev/macauPos/macauPosSystem/src/lib/pos-order-row.test.ts is not specified and it doesn't parse as CommonJS.
# Reparsing as ES module because module syntax was detected. This incurs a performance overhead.
# To eliminate this warning, add "type": "module" to C:\\dev\\macauPos\\macauPosSystem\\package.json.
# (Use `node --trace-warnings ...` to show where the warning was created)
# Subtest: pos_orders 投影欄位清單
    # Subtest: 清單同 PosOrderDbRow 型別**雙向**一致（漏欄／多欄都會即刻捉到）
    ok 1 - 清單同 PosOrderDbRow 型別**雙向**一致（漏欄／多欄都會即刻捉到）
      ---
      duration_ms: 8.3816
      type: 'test'
      ...
    # Subtest: POS_ORDER_DB_SELECT 就係清單 join（唔可以手寫第二份）
    ok 2 - POS_ORDER_DB_SELECT 就係清單 join（唔可以手寫第二份）
      ---
      duration_ms: 1.0842
      type: 'test'
      ...
    # Subtest: 核實用嘅最小投影係清單嘅子集（唔可以引用唔存在嘅欄）
    ok 3 - 核實用嘅最小投影係清單嘅子集（唔可以引用唔存在嘅欄）
      ---
      duration_ms: 3.3652
      type: 'test'
      ...
    1..3
ok 121 - pos_orders 投影欄位清單
  ---
  duration_ms: 23.2788
  type: 'suite'
  ...
# Subtest: 投影等價性（證明收窄欄位唔會改變 mapper 輸出）
    # Subtest: row 帶額外欄（mapper 唔讀嘅）→ 輸出完全一樣
    ok 1 - row 帶額外欄（mapper 唔讀嘅）→ 輸出完全一樣
      ---
      duration_ms: 5.5571
      type: 'test'
      ...
    # Subtest: 清單內嘅每一欄都真係有被 mapper 讀到（防止『講就話要、其實冇用』）
    ok 2 - 清單內嘅每一欄都真係有被 mapper 讀到（防止『講就話要、其實冇用』）
      ---
      duration_ms: 3.302
      type: 'test'
      ...
    # Subtest: 缺欄唔會 throw（降級路徑要安全）
    ok 3 - 缺欄唔會 throw（降級路徑要安全）
      ---
      duration_ms: 0.9945
      type: 'test'
      ...
    1..3
ok 122 - 投影等價性（證明收窄欄位唔會改變 mapper 輸出）
  ---
  duration_ms: 11.115
  type: 'suite'
  ...
# (node:16644) [MODULE_TYPELESS_PACKAGE_JSON] Warning: Module type of file:///C:/dev/macauPos/macauPosSystem/src/lib/pos-orders-range.test.ts is not specified and it doesn't parse as CommonJS.
# Reparsing as ES module because module syntax was detected. This incurs a performance overhead.
# To eliminate this warning, add "type": "module" to C:\\dev\\macauPos\\macauPosSystem\\package.json.
# (Use `node --trace-warnings ...` to show where the warning was created)
# Subtest: classifyOrdersRangeFailure — 降級方向判別
    # Subtest: 函數唔存在（PGRST202 / 42883）→ rpc-missing（改用三條時間腿）
    ok 1 - 函數唔存在（PGRST202 / 42883）→ rpc-missing（改用三條時間腿）
      ---
      duration_ms: 3.4068
      type: 'test'
      ...
    # Subtest: 欄位唔存在（42703 / PGRST204）→ projection-missing（改 select(*) 重試）
    ok 2 - 欄位唔存在（42703 / PGRST204）→ projection-missing（改 select(*) 重試）
      ---
      duration_ms: 2.4507
      type: 'test'
      ...
    # Subtest: 真 DB 錯誤 → fatal（唔可以降級重試，必須向上報）
    ok 3 - 真 DB 錯誤 → fatal（唔可以降級重試，必須向上報）
      ---
      duration_ms: 1.4695
      type: 'test'
      ...
    # Subtest: 🔴 唔可以撈埋：欄位錯誤 ≠ 函數錯誤（反之亦然）
    ok 4 - 🔴 唔可以撈埋：欄位錯誤 ≠ 函數錯誤（反之亦然）
      ---
      duration_ms: 3.9048
      type: 'test'
      ...
    1..4
ok 123 - classifyOrdersRangeFailure — 降級方向判別
  ---
  duration_ms: 16.0341
  type: 'suite'
  ...
# Subtest: isMissingFunctionError / isMissingColumnError — 判別器本身
    # Subtest: 函數判別器唔會被「欄位唔存在」嘅訊息呃到
    ok 1 - 函數判別器唔會被「欄位唔存在」嘅訊息呃到
      ---
      duration_ms: 0.9405
      type: 'test'
      ...
    # Subtest: 欄位判別器唔會被「函數唔存在」嘅訊息呃到
    ok 2 - 欄位判別器唔會被「函數唔存在」嘅訊息呃到
      ---
      duration_ms: 0.4528
      type: 'test'
      ...
    # Subtest: 唯一鍵衝突（23505）獨立判別，唔會同上面兩個混淆
    ok 3 - 唯一鍵衝突（23505）獨立判別，唔會同上面兩個混淆
      ---
      duration_ms: 1.416
      type: 'test'
      ...
    1..3
ok 124 - isMissingFunctionError / isMissingColumnError — 判別器本身
  ---
  duration_ms: 4.4896
  type: 'suite'
  ...
# Subtest: decideReopenedLegOutcome — reopened 腿例外規則
    # Subtest: 冇錯 → skip
    ok 1 - 冇錯 → skip
      ---
      duration_ms: 1.0921
      type: 'test'
      ...
    # Subtest: 🔴 投影類錯誤 → fail（向上報，令外層降級 select(*)）
    ok 2 - 🔴 投影類錯誤 → fail（向上報，令外層降級 select(*)）
      ---
      duration_ms: 0.8477
      type: 'test'
      ...
    # Subtest: 非投影錯誤 → skip（維持「加碼而非必需」嘅歷史語義）
    ok 3 - 非投影錯誤 → skip（維持「加碼而非必需」嘅歷史語義）
      ---
      duration_ms: 1.3335
      type: 'test'
      ...
    1..3
ok 125 - decideReopenedLegOutcome — reopened 腿例外規則
  ---
  duration_ms: 4.1748
  type: 'suite'
  ...
# Subtest: mergeOrderLegs — 三腿去重 + 排序
    # Subtest: 同一張單命中多條腿 → 只回一次
    ok 1 - 同一張單命中多條腿 → 只回一次
      ---
      duration_ms: 5.2043
      type: 'test'
      ...
    # Subtest: 統一按 created_at DESC（穩定輸出／分頁唔會跳行）
    ok 2 - 統一按 created_at DESC（穩定輸出／分頁唔會跳行）
      ---
      duration_ms: 1.0946
      type: 'test'
      ...
    # Subtest: 空腿／缺欄／非法 row 都要安全（NULL updated_at 嘅 legacy row）
    ok 3 - 空腿／缺欄／非法 row 都要安全（NULL updated_at 嘅 legacy row）
      ---
      duration_ms: 1.1875
      type: 'test'
      ...
    # Subtest: 保留最先見到嗰條腿嘅 row 物件（唔會用後腿覆蓋前腿）
    ok 4 - 保留最先見到嗰條腿嘅 row 物件（唔會用後腿覆蓋前腿）
      ---
      duration_ms: 0.6924
      type: 'test'
      ...
    1..4
ok 126 - mergeOrderLegs — 三腿去重 + 排序
  ---
  duration_ms: 8.8569
  type: 'suite'
  ...
# (node:23760) [MODULE_TYPELESS_PACKAGE_JSON] Warning: Module type of file:///C:/dev/macauPos/macauPosSystem/src/lib/pos/accept-outcome.test.ts is not specified and it doesn't parse as CommonJS.
# Reparsing as ES module because module syntax was detected. This incurs a performance overhead.
# To eliminate this warning, add "type": "module" to C:\\dev\\macauPos\\macauPosSystem\\package.json.
# (Use `node --trace-warnings ...` to show where the warning was created)
# Subtest: 🔴 核心：自動接單 0 張廚房 job 唔准靜默（要 warning，唔可以 null）
ok 127 - 🔴 核心：自動接單 0 張廚房 job 唔准靜默（要 warning，唔可以 null）
  ---
  duration_ms: 5.1311
  type: 'test'
  ...
# Subtest: 自動接單成功送廚 → success
ok 128 - 自動接單成功送廚 → success
  ---
  duration_ms: 0.7045
  type: 'test'
  ...
# Subtest: 自動接單「已出過紙」→ info（唔可以講成「未出廚房單」）
ok 129 - 自動接單「已出過紙」→ info（唔可以講成「未出廚房單」）
  ---
  duration_ms: 1.4084
  type: 'test'
  ...
# Subtest: 自動接單：出紙步驟失敗 → error，並帶出底層原因
ok 130 - 自動接單：出紙步驟失敗 → error，並帶出底層原因
  ---
  duration_ms: 17.606
  type: 'test'
  ...
# Subtest: 自動接單：接單本身失敗 → error
ok 131 - 自動接單：接單本身失敗 → error
  ---
  duration_ms: 0.752
  type: 'test'
  ...
# Subtest: 唯一唔彈提示嘅情況：餘額不足（fallback 彈窗會處理）
ok 132 - 唯一唔彈提示嘅情況：餘額不足（fallback 彈窗會處理）
  ---
  duration_ms: 0.5256
  type: 'test'
  ...
# Subtest: 人手接單後綴：三種情況必須分得清（唔可以一律講未出廚房單）
ok 133 - 人手接單後綴：三種情況必須分得清（唔可以一律講未出廚房單）
  ---
  duration_ms: 0.9596
  type: 'test'
  ...
# (node:25044) [MODULE_TYPELESS_PACKAGE_JSON] Warning: Module type of file:///C:/dev/macauPos/macauPosSystem/src/lib/pos/close-gate.test.ts is not specified and it doesn't parse as CommonJS.
# Reparsing as ES module because module syntax was detected. This incurs a performance overhead.
# To eliminate this warning, add "type": "module" to C:\\dev\\macauPos\\macauPosSystem\\package.json.
# (Use `node --trace-warnings ...` to show where the warning was created)
# Subtest: decideStoreClose：true = 真正要關
ok 134 - decideStoreClose：true = 真正要關
  ---
  duration_ms: 6.3502
  type: 'test'
  ...
# Subtest: decideStoreClose：false = 已關，skip（唔可以再寫一次）
ok 135 - decideStoreClose：false = 已關，skip（唔可以再寫一次）
  ---
  duration_ms: 0.7753
  type: 'test'
  ...
# Subtest: decideStoreClose：null = 未讀到，skip（唔准樂觀寫）
ok 136 - decideStoreClose：null = 未讀到，skip（唔准樂觀寫）
  ---
  duration_ms: 0.6345
  type: 'test'
  ...
# Subtest: decideOnlineClose：true = 真正要關
ok 137 - decideOnlineClose：true = 真正要關
  ---
  duration_ms: 0.4725
  type: 'test'
  ...
# Subtest: decideOnlineClose：false = 已暫停，skip
ok 138 - decideOnlineClose：false = 已暫停，skip
  ---
  duration_ms: 0.4403
  type: 'test'
  ...
# Subtest: decideOnlineClose：null = 未讀到，skip（applyMerchantEnabled 本身都會拒絕）
ok 139 - decideOnlineClose：null = 未讀到，skip（applyMerchantEnabled 本身都會拒絕）
  ---
  duration_ms: 0.4165
  type: 'test'
  ...
# Subtest: buildCloseGateResult：原樣保留兩個通道結果
ok 140 - buildCloseGateResult：原樣保留兩個通道結果
  ---
  duration_ms: 5.9277
  type: 'test'
  ...
# Subtest: isCloseGateClean：全部非 failed 為 true
ok 141 - isCloseGateClean：全部非 failed 為 true
  ---
  duration_ms: 0.925
  type: 'test'
  ...
# Subtest: isCloseGateClean：任何一邊 failed 為 false
ok 142 - isCloseGateClean：任何一邊 failed 為 false
  ---
  duration_ms: 2.4839
  type: 'test'
  ...
# Subtest: isCloseGateTotalFailure：只有兩邊都 failed 才 true
ok 143 - isCloseGateTotalFailure：只有兩邊都 failed 才 true
  ---
  duration_ms: 1.8343
  type: 'test'
  ...
# Subtest: describeCloseGate：全成功／全 skip → 空字串（呼叫端唔使加括號）
ok 144 - describeCloseGate：全成功／全 skip → 空字串（呼叫端唔使加括號）
  ---
  duration_ms: 1.3568
  type: 'test'
  ...
# Subtest: describeCloseGate：只有線下失敗 → 講明係掃碼／自助機
ok 145 - describeCloseGate：只有線下失敗 → 講明係掃碼／自助機
  ---
  duration_ms: 0.8348
  type: 'test'
  ...
# Subtest: describeCloseGate：只有線上失敗 → 講明係線上接單
ok 146 - describeCloseGate：只有線上失敗 → 講明係線上接單
  ---
  duration_ms: 0.4012
  type: 'test'
  ...
# Subtest: describeCloseGate：兩邊都失敗 → 兩項都要出現（唔可以只講部分失敗）
ok 147 - describeCloseGate：兩邊都失敗 → 兩項都要出現（唔可以只講部分失敗）
  ---
  duration_ms: 0.3085
  type: 'test'
  ...
# (node:9956) [MODULE_TYPELESS_PACKAGE_JSON] Warning: Module type of file:///C:/dev/macauPos/macauPosSystem/src/lib/pos/daily-order-seq.test.ts is not specified and it doesn't parse as CommonJS.
# Reparsing as ES module because module syntax was detected. This incurs a performance overhead.
# To eliminate this warning, add "type": "module" to C:\\dev\\macauPos\\macauPosSystem\\package.json.
# (Use `node --trace-warnings ...` to show where the warning was created)
# Subtest: 回歸（2026-09-10 訂單03 重複）：本機計數器歸零時，由眼前訂單推導下限
ok 148 - 回歸（2026-09-10 訂單03 重複）：本機計數器歸零時，由眼前訂單推導下限
  ---
  duration_ms: 12.0997
  type: 'test'
  ...
# Subtest: 下限取「本機計數器」同「眼前最大號」較大者
ok 149 - 下限取「本機計數器」同「眼前最大號」較大者
  ---
  duration_ms: 0.557
  type: 'test'
  ...
# Subtest: 計數器 / 下限係垃圾值（NaN / 負數）都唔會派 0 號或負號
ok 150 - 計數器 / 下限係垃圾值（NaN / 負數）都唔會派 0 號或負號
  ---
  duration_ms: 0.4761
  type: 'test'
  ...
# Subtest: 跨日唔會互相推高：尋日嘅 訂單12 唔影響今日下限
ok 151 - 跨日唔會互相推高：尋日嘅 訂單12 唔影響今日下限
  ---
  duration_ms: 0.623
  type: 'test'
  ...
# Subtest: 冇時間戳嘅單保守計入（寧可跳號，唔可撞號）
ok 152 - 冇時間戳嘅單保守計入（寧可跳號，唔可撞號）
  ---
  duration_ms: 0.6248
  type: 'test'
  ...
# Subtest: 前綴唔可以互相污染：自取12 唔會推高 訂單 嘅下限
ok 153 - 前綴唔可以互相污染：自取12 唔會推高 訂單 嘅下限
  ---
  duration_ms: 1.2717
  type: 'test'
  ...
# Subtest: 前綴係子字串都要精確匹配（訂單 vs 訂單A）
ok 154 - 前綴係子字串都要精確匹配（訂單 vs 訂單A）
  ---
  duration_ms: 0.6554
  type: 'test'
  ...
# Subtest: 冇 localOrderNo / 空陣列 / 唔匹配格式 → 全部回 0
ok 155 - 冇 localOrderNo / 空陣列 / 唔匹配格式 → 全部回 0
  ---
  duration_ms: 0.6576
  type: 'test'
  ...
# Subtest: 超過 99 唔會截斷（訂單100 → 101）
ok 156 - 超過 99 唔會截斷（訂單100 → 101）
  ---
  duration_ms: 1.3706
  type: 'test'
  ...
# (node:26012) [MODULE_TYPELESS_PACKAGE_JSON] Warning: Module type of file:///C:/dev/macauPos/macauPosSystem/src/lib/pos/egress-usage.test.ts is not specified and it doesn't parse as CommonJS.
# Reparsing as ES module because module syntax was detected. This incurs a performance overhead.
# To eliminate this warning, add "type": "module" to C:\\dev\\macauPos\\macauPosSystem\\package.json.
# (Use `node --trace-warnings ...` to show where the warning was created)
# Subtest: 澳門日期口徑
    # Subtest: UTC 16:00 之上仍然係澳門當日；UTC 16:00 之後跳去翌日
    ok 1 - UTC 16:00 之上仍然係澳門當日；UTC 16:00 之後跳去翌日
      ---
      duration_ms: 20.6297
      type: 'test'
      ...
    # Subtest: 月份前綴用澳門時間（唔會喺月尾最後 8 小時入錯月）
    ok 2 - 月份前綴用澳門時間（唔會喺月尾最後 8 小時入錯月）
      ---
      duration_ms: 3.9455
      type: 'test'
      ...
    # Subtest: recentMacauDays 回 N 個升序日期，最後一個係今日
    ok 3 - recentMacauDays 回 N 個升序日期，最後一個係今日
      ---
      duration_ms: 4.0039
      type: 'test'
      ...
    1..3
ok 157 - 澳門日期口徑
  ---
  duration_ms: 36.6753
  type: 'suite'
  ...
# Subtest: 位元組格式化同警示級別
    # Subtest: formatBytes
    ok 1 - formatBytes
      ---
      duration_ms: 1.066
      type: 'test'
      ...
    # Subtest: quotaLevel 三級（50% / 80% 門檻）
    ok 2 - quotaLevel 三級（50% / 80% 門檻）
      ---
      duration_ms: 0.843
      type: 'test'
      ...
    1..2
ok 158 - 位元組格式化同警示級別
  ---
  duration_ms: 3.7519
  type: 'suite'
  ...
# Subtest: summarizeEgressUsage
    # Subtest: 今日 / 本月 / 窗口三個口徑唔會互相污染
    ok 1 - 今日 / 本月 / 窗口三個口徑唔會互相污染
      ---
      duration_ms: 5.9461
      type: 'test'
      ...
    # Subtest: 按月用量降序排（用量大嘅店喺前面）
    ok 2 - 按月用量降序排（用量大嘅店喺前面）
      ---
      duration_ms: 1.9241
      type: 'test'
      ...
    # Subtest: 走勢：14 日、升序、缺日補 0
    ok 3 - 走勢：14 日、升序、缺日補 0
      ---
      duration_ms: 2.175
      type: 'test'
      ...
    # Subtest: 頭幾條路徑：降序，最多 6 條
    ok 4 - 頭幾條路徑：降序，最多 6 條
      ---
      duration_ms: 1.8464
      type: 'test'
      ...
    # Subtest: 配額比例同全月推算（月中就要知會唔會爆）
    ok 5 - 配額比例同全月推算（月中就要知會唔會爆）
      ---
      duration_ms: 2.3896
      type: 'test'
      ...
    # Subtest: 總計：店數、今日、本月、可容店數
    ok 6 - 總計：店數、今日、本月、可容店數
      ---
      duration_ms: 1.0037
      type: 'test'
      ...
    # Subtest: 🔴 骯髒資料唔可以污染結果（壞日期 / 負數 / 缺欄）
    ok 7 - 🔴 骯髒資料唔可以污染結果（壞日期 / 負數 / 缺欄）
      ---
      duration_ms: 6.5374
      type: 'test'
      ...
    # Subtest: 空表唔會爆（未跑 migration 時 admin 頁要照開得成）
    ok 8 - 空表唔會爆（未跑 migration 時 admin 頁要照開得成）
      ---
      duration_ms: 1.0458
      type: 'test'
      ...
    # Subtest: 單店用量全部為 0 → 唔可以推斷「可容幾間店」（回 0 唔係 Infinity）
    ok 9 - 單店用量全部為 0 → 唔可以推斷「可容幾間店」（回 0 唔係 Infinity）
      ---
      duration_ms: 0.609
      type: 'test'
      ...
    1..9
ok 159 - summarizeEgressUsage
  ---
  duration_ms: 26.1952
  type: 'suite'
  ...
# (node:6080) [MODULE_TYPELESS_PACKAGE_JSON] Warning: Module type of file:///C:/dev/macauPos/macauPosSystem/src/lib/pos/kiosk-settings.test.ts is not specified and it doesn't parse as CommonJS.
# Reparsing as ES module because module syntax was detected. This incurs a performance overhead.
# To eliminate this warning, add "type": "module" to C:\\dev\\macauPos\\macauPosSystem\\package.json.
# (Use `node --trace-warnings ...` to show where the warning was created)
# Subtest: normalizeScanMode
    # Subtest: DB 有明確值 → 照用
    ok 1 - DB 有明確值 → 照用
      ---
      duration_ms: 4.4238
      type: 'test'
      ...
    # Subtest: undefined / null / 空字串（欄位未存在 / 未設定）→ dine_in（向後兼容）
    ok 2 - undefined / null / 空字串（欄位未存在 / 未設定）→ dine_in（向後兼容）
      ---
      duration_ms: 0.9475
      type: 'test'
      ...
    # Subtest: 未知值（打錯字 / 舊版本殘留）→ 一律 dine_in，唔會誤當快餐
    ok 3 - 未知值（打錯字 / 舊版本殘留）→ 一律 dine_in，唔會誤當快餐
      ---
      duration_ms: 0.4592
      type: 'test'
      ...
    # Subtest: 預設模式係堂食（現存店鋪行為不變）
    ok 4 - 預設模式係堂食（現存店鋪行為不變）
      ---
      duration_ms: 0.463
      type: 'test'
      ...
    1..4
ok 160 - normalizeScanMode
  ---
  duration_ms: 11.1824
  type: 'suite'
  ...
# Subtest: normalizeKioskPrinters
    # Subtest: 合法項目照留（連 ipAddress 等欄位一齊保留）
    ok 1 - 合法項目照留（連 ipAddress 等欄位一齊保留）
      ---
      duration_ms: 3.5235
      type: 'test'
      ...
    # Subtest: 唔係陣列 / 空值 → 空陣列（唔會爆）
    ok 2 - 唔係陣列 / 空值 → 空陣列（唔會爆）
      ---
      duration_ms: 2.3765
      type: 'test'
      ...
    # Subtest: 缺 id 或 name → 剔走
    ok 3 - 缺 id 或 name → 剔走
      ---
      duration_ms: 0.7978
      type: 'test'
      ...
    # Subtest: role / connectionType 唔喺白名單 → 剔走（唔會靜靜地當成 receipt）
    ok 4 - role / connectionType 唔喺白名單 → 剔走（唔會靜靜地當成 receipt）
      ---
      duration_ms: 0.9906
      type: 'test'
      ...
    # Subtest: 缺 enabled → 當 true；明確 false 就要保留（商家停用要生效）
    ok 5 - 缺 enabled → 當 true；明確 false 就要保留（商家停用要生效）
      ---
      duration_ms: 11.2083
      type: 'test'
      ...
    # Subtest: 混合清單 → 只留合法嘅（唔會因為一個壞項目丟晒全部）
    ok 6 - 混合清單 → 只留合法嘅（唔會因為一個壞項目丟晒全部）
      ---
      duration_ms: 1.0142
      type: 'test'
      ...
    1..6
ok 161 - normalizeKioskPrinters
  ---
  duration_ms: 21.3575
  type: 'suite'
  ...
# (node:7632) [MODULE_TYPELESS_PACKAGE_JSON] Warning: Module type of file:///C:/dev/macauPos/macauPosSystem/src/lib/pos/kitchen-backfill.test.ts is not specified and it doesn't parse as CommonJS.
# Reparsing as ES module because module syntax was detected. This incurs a performance overhead.
# To eliminate this warning, add "type": "module" to C:\\dev\\macauPos\\macauPosSystem\\package.json.
# (Use `node --trace-warnings ...` to show where the warning was created)
# Subtest: accepted / preparing / ready 一律補印（唔受時間窗限制）
ok 162 - accepted / preparing / ready 一律補印（唔受時間窗限制）
  ---
  duration_ms: 7.3374
  type: 'test'
  ...
# Subtest: ✓ 核心缺口：由另一方接單 → 本機只見到 ready/completed 都要補印
ok 163 - ✓ 核心缺口：由另一方接單 → 本機只見到 ready/completed 都要補印
  ---
  duration_ms: 1.0189
  type: 'test'
  ...
# Subtest: completed 超過 1 小時 → stale（唔補，避免一開頁補印舊單洗版）
ok 164 - completed 超過 1 小時 → stale（唔補，避免一開頁補印舊單洗版）
  ---
  duration_ms: 0.6533
  type: 'test'
  ...
# Subtest: completed 冇可用時間戳 → 當歷史單（寧少唔多）
ok 165 - completed 冇可用時間戳 → 當歷史單（寧少唔多）
  ---
  duration_ms: 14.0685
  type: 'test'
  ...
# Subtest: completed 缺 updatedAt 時用 createdAt 頂上
ok 166 - completed 缺 updatedAt 時用 createdAt 頂上
  ---
  duration_ms: 1.0158
  type: 'test'
  ...
# Subtest: pending / cancelled / delivering 唔補（未接單或已作廢）
ok 167 - pending / cancelled / delivering 唔補（未接單或已作廢）
  ---
  duration_ms: 0.5922
  type: 'test'
  ...
# Subtest: 大小寫 / 空白不拘（Ledger 回 'Completed' 都要認）
ok 168 - 大小寫 / 空白不拘（Ledger 回 'Completed' 都要認）
  ---
  duration_ms: 0.5716
  type: 'test'
  ...
# Subtest: 已出過紙（本機 job / 帳本）→ 唔補；優先於狀態判定
ok 169 - 已出過紙（本機 job / 帳本）→ 唔補；優先於狀態判定
  ---
  duration_ms: 0.4949
  type: 'test'
  ...
# Subtest: 同一 session 已試過 / 正在跑 → in-flight（最先判定，連 hasJob 都唔使查）
ok 170 - 同一 session 已試過 / 正在跑 → in-flight（最先判定，連 hasJob 都唔使查）
  ---
  duration_ms: 1.4875
  type: 'test'
  ...
# Subtest: 自訂 maxAgeMs 生效（方便日後調窗口）
ok 171 - 自訂 maxAgeMs 生效（方便日後調窗口）
  ---
  duration_ms: 2.4294
  type: 'test'
  ...
# Subtest: backfillTimestampMs：跳過空值／非法值，取第一個合法時間
ok 172 - backfillTimestampMs：跳過空值／非法值，取第一個合法時間
  ---
  duration_ms: 0.8078
  type: 'test'
  ...
# (node:26268) [MODULE_TYPELESS_PACKAGE_JSON] Warning: Module type of file:///C:/dev/macauPos/macauPosSystem/src/lib/pos/module-catalog.test.ts is not specified and it doesn't parse as CommonJS.
# Reparsing as ES module because module syntax was detected. This incurs a performance overhead.
# To eliminate this warning, add "type": "module" to C:\\dev\\macauPos\\macauPosSystem\\package.json.
# (Use `node --trace-warnings ...` to show where the warning was created)
# Subtest: module-catalog · 目錄完整性
    # Subtest: 每個工作台都有齊必要欄位，而且 id 唔重複
    ok 1 - 每個工作台都有齊必要欄位，而且 id 唔重複
      ---
      duration_ms: 4.072
      type: 'test'
      ...
    # Subtest: 每個側欄模組都有齊必要欄位，而且 id 唔重複
    ok 2 - 每個側欄模組都有齊必要欄位，而且 id 唔重複
      ---
      duration_ms: 3.0376
      type: 'test'
      ...
    # Subtest: 裝置角色（kiosk / kitchen / expo）一定要標 deviceRole
    ok 3 - 裝置角色（kiosk / kitchen / expo）一定要標 deviceRole
      ---
      duration_ms: 1.091
      type: 'test'
      ...
    1..3
ok 173 - module-catalog · 目錄完整性
  ---
  duration_ms: 12.8391
  type: 'suite'
  ...
# Subtest: module-catalog · homePath ↔ 真實路由
    # Subtest: 每個工作台嘅 homePath 都有對應嘅 page.tsx
    ok 1 - 每個工作台嘅 homePath 都有對應嘅 page.tsx
      ---
      duration_ms: 5.1447
      type: 'test'
      ...
    # Subtest: 每個側欄模組嘅 href 都有對應嘅 page.tsx
    ok 2 - 每個側欄模組嘅 href 都有對應嘅 page.tsx
      ---
      duration_ms: 3.9244
      type: 'test'
      ...
    # Subtest: 🔴 收銀台（dinein / quick）指向 /pos，唔係 /
    ok 3 - 🔴 收銀台（dinein / quick）指向 /pos，唔係 /
      ---
      duration_ms: 0.5907
      type: 'test'
      ...
    # Subtest: 🔴 側欄「點餐」指向 /pos
    ok 4 - 🔴 側欄「點餐」指向 /pos
      ---
      duration_ms: 0.9035
      type: 'test'
      ...
    1..4
ok 174 - module-catalog · homePath ↔ 真實路由
  ---
  duration_ms: 12.6296
  type: 'suite'
  ...
# Subtest: module-catalog · defaultMerchantGrants
    # Subtest: 預設 = 全部開通
    ok 1 - 預設 = 全部開通
      ---
      duration_ms: 3.9813
      type: 'test'
      ...
    # Subtest: 每次回傳新陣列（防止呼叫方改到共用常數）
    ok 2 - 每次回傳新陣列（防止呼叫方改到共用常數）
      ---
      duration_ms: 1.3552
      type: 'test'
      ...
    1..2
ok 175 - module-catalog · defaultMerchantGrants
  ---
  duration_ms: 6.614
  type: 'suite'
  ...
# Subtest: module-catalog · normalizeMerchantGrants
    # Subtest: 丟棄未知 id，唔 throw
    ok 1 - 丟棄未知 id，唔 throw
      ---
      duration_ms: 2.995
      type: 'test'
      ...
    # Subtest: 去重 + 按目錄順序重排（UI 唔會跳位）
    ok 2 - 去重 + 按目錄順序重排（UI 唔會跳位）
      ---
      duration_ms: 0.708
      type: 'test'
      ...
    # Subtest: 接受 DB 嘅 snake_case 欄名 sidebar_modules
    ok 3 - 接受 DB 嘅 snake_case 欄名 sidebar_modules
      ---
      duration_ms: 1.5752
      type: 'test'
      ...
    # Subtest: 垃圾輸入 → 空陣列（唔會爆）
    ok 4 - 垃圾輸入 → 空陣列（唔會爆）
      ---
      duration_ms: 1.2937
      type: 'test'
      ...
    # Subtest: ⚠️ 空陣列要保留做空陣列 —— 佢係「Admin 明確全部閂」，唔可以變返全開
    ok 5 - ⚠️ 空陣列要保留做空陣列 —— 佢係「Admin 明確全部閂」，唔可以變返全開
      ---
      duration_ms: 0.5701
      type: 'test'
      ...
    1..5
ok 176 - module-catalog · normalizeMerchantGrants
  ---
  duration_ms: 8.2254
  type: 'suite'
  ...
# (node:12428) [MODULE_TYPELESS_PACKAGE_JSON] Warning: Module type of file:///C:/dev/macauPos/macauPosSystem/src/lib/pos/online-dinein-fulfillment.test.ts is not specified and it doesn't parse as CommonJS.
# Reparsing as ES module because module syntax was detected. This incurs a performance overhead.
# To eliminate this warning, add "type": "module" to C:\\dev\\macauPos\\macauPosSystem\\package.json.
# (Use `node --trace-warnings ...` to show where the warning was created)
# Subtest: 線上堂食單判定（排位自動完成嘅適用範圍）
    # Subtest: 🔴 帶 Ledger 單 id ＋ 真枱號 → 適用（排位會自動推 completed）
    ok 1 - 🔴 帶 Ledger 單 id ＋ 真枱號 → 適用（排位會自動推 completed）
      ---
      duration_ms: 2.8676
      type: 'test'
      ...
    # Subtest: 🔴 本地單（冇 onlineOrderId）→ 唔適用（本地堂食流程完全不變）
    ok 2 - 🔴 本地單（冇 onlineOrderId）→ 唔適用（本地堂食流程完全不變）
      ---
      duration_ms: 0.6141
      type: 'test'
      ...
    # Subtest: 🔴 快餐 counter 單 → 唔適用（保留收銀自行撳「可取餐 / 完成」）
    ok 3 - 🔴 快餐 counter 單 → 唔適用（保留收銀自行撳「可取餐 / 完成」）
      ---
      duration_ms: 1.8751
      type: 'test'
      ...
    # Subtest: 🔴 自取 / 外賣單（tableId 為 null）→ 唔適用
    ok 4 - 🔴 自取 / 外賣單（tableId 為 null）→ 唔適用
      ---
      duration_ms: 3.6565
      type: 'test'
      ...
    1..4
ok 177 - 線上堂食單判定（排位自動完成嘅適用範圍）
  ---
  duration_ms: 21.0303
  type: 'suite'
  ...
# (node:18692) [MODULE_TYPELESS_PACKAGE_JSON] Warning: Module type of file:///C:/dev/macauPos/macauPosSystem/src/lib/pos/online-dinein-labels.test.ts is not specified and it doesn't parse as CommonJS.
# Reparsing as ES module because module syntax was detected. This incurs a performance overhead.
# To eliminate this warning, add "type": "module" to C:\\dev\\macauPos\\macauPosSystem\\package.json.
# (Use `node --trace-warnings ...` to show where the warning was created)
# Subtest: 線上單：枱位維度
    # Subtest: 堂食模式 + 線上堂食單 + 未排位 → 待安排座位（橙）
    ok 1 - 堂食模式 + 線上堂食單 + 未排位 → 待安排座位（橙）
      ---
      duration_ms: 9.7079
      type: 'test'
      ...
    # Subtest: 已排位 → 顯示枱名（綠），並且唔再需要排位
    ok 2 - 已排位 → 顯示枱名（綠），並且唔再需要排位
      ---
      duration_ms: 0.9851
      type: 'test'
      ...
    # Subtest: tableId = counter 唔算「已排位」（快餐／自取／外賣都用 counter）
    ok 3 - tableId = counter 唔算「已排位」（快餐／自取／外賣都用 counter）
      ---
      duration_ms: 1.6465
      type: 'test'
      ...
    # Subtest: 🔴 快餐模式：dine_in 線上單唔排位 → 出餐口自取（唔可以顯示待安排座位）
    ok 4 - 🔴 快餐模式：dine_in 線上單唔排位 → 出餐口自取（唔可以顯示待安排座位）
      ---
      duration_ms: 0.7649
      type: 'test'
      ...
    # Subtest: 自取 / 外賣單永遠唔需要排位
    ok 5 - 自取 / 外賣單永遠唔需要排位
      ---
      duration_ms: 2.0678
      type: 'test'
      ...
    # Subtest: 枱名空白時退回落「已排位」（唔可以顯示空白藥丸）
    ok 6 - 枱名空白時退回落「已排位」（唔可以顯示空白藥丸）
      ---
      duration_ms: 0.858
      type: 'test'
      ...
    # Subtest: 排位掣文案：未排位 = 排位；已排位 = 改枱
    ok 7 - 排位掣文案：未排位 = 排位；已排位 = 改枱
      ---
      duration_ms: 0.7323
      type: 'test'
      ...
    1..7
ok 178 - 線上單：枱位維度
  ---
  duration_ms: 24.8877
  type: 'suite'
  ...
# Subtest: 線上單：付款維度
    # Subtest: 線上已付（餘額扣點）→ 已結帳（綠）
    ok 1 - 線上已付（餘額扣點）→ 已結帳（綠）
      ---
      duration_ms: 1.4077
      type: 'test'
      ...
    # Subtest: 到店付款未收錢 → 未結帳（文案要短，唔可以逼爆 280px 快捷操作欄）
    ok 2 - 到店付款未收錢 → 未結帳（文案要短，唔可以逼爆 280px 快捷操作欄）
      ---
      duration_ms: 1.8402
      type: 'test'
      ...
    # Subtest: 付款狀態大小寫 / 缺失都唔會誤判成已結帳
    ok 3 - 付款狀態大小寫 / 缺失都唔會誤判成已結帳
      ---
      duration_ms: 1.8318
      type: 'test'
      ...
    1..3
ok 179 - 線上單：付款維度
  ---
  duration_ms: 20.5718
  type: 'suite'
  ...
# Subtest: 枱可選性（商家：已佔用一律唔可以揀）
    # Subtest: 已被佔用 → 唔可以揀
    ok 1 - 已被佔用 → 唔可以揀
      ---
      duration_ms: 0.7486
      type: 'test'
      ...
    # Subtest: 空枱 → 可以揀
    ok 2 - 空枱 → 可以揀
      ---
      duration_ms: 0.3802
      type: 'test'
      ...
    1..2
ok 180 - 枱可選性（商家：已佔用一律唔可以揀）
  ---
  duration_ms: 1.577
  type: 'suite'
  ...
# Subtest: 可結帳判定（2026-09-13 · 修「排位後卡住」）
    # Subtest: 未收款活躍單（sent_to_kitchen / reopened）→ 可結帳（本地堂食口徑不變）
    ok 1 - 未收款活躍單（sent_to_kitchen / reopened）→ 可結帳（本地堂食口徑不變）
      ---
      duration_ms: 0.9335
      type: 'test'
      ...
    # Subtest: 🔴 已付款線上堂食單（排位後 paid + 真枱）→ 可結帳
    ok 2 - 🔴 已付款線上堂食單（排位後 paid + 真枱）→ 可結帳
      ---
      duration_ms: 0.4994
      type: 'test'
      ...
    # Subtest: 🔴 掃碼堂食 paid 單（冇 onlineOrderId 但有真枱）→ 可結帳（2026-09-14 修：唔再靠 onlineOrderId）
    ok 3 - 🔴 掃碼堂食 paid 單（冇 onlineOrderId 但有真枱）→ 可結帳（2026-09-14 修：唔再靠 onlineOrderId）
      ---
      duration_ms: 0.4252
      type: 'test'
      ...
    # Subtest: isPaidDineInOrder：paid ＋ 真枱才成立（counter / 冇枱一律 false）
    ok 4 - isPaidDineInOrder：paid ＋ 真枱才成立（counter / 冇枱一律 false）
      ---
      duration_ms: 0.5219
      type: 'test'
      ...
    # Subtest: 🔴 線上 counter 單（快餐／自取／外賣）paid → 唔可結帳
    ok 5 - 🔴 線上 counter 單（快餐／自取／外賣）paid → 唔可結帳
      ---
      duration_ms: 0.7132
      type: 'test'
      ...
    # Subtest: draft / 終態 → 唔可結帳
    ok 6 - draft / 終態 → 唔可結帳
      ---
      duration_ms: 0.9717
      type: 'test'
      ...
    # Subtest: status 缺失 → 唔可結帳
    ok 7 - status 缺失 → 唔可結帳
      ---
      duration_ms: 0.4824
      type: 'test'
      ...
    1..7
ok 181 - 可結帳判定（2026-09-13 · 修「排位後卡住」）
  ---
  duration_ms: 5.5062
  type: 'suite'
  ...
# (node:24800) [MODULE_TYPELESS_PACKAGE_JSON] Warning: Module type of file:///C:/dev/macauPos/macauPosSystem/src/lib/pos/online-dinein-ladder.test.ts is not specified and it doesn't parse as CommonJS.
# Reparsing as ES module because module syntax was detected. This incurs a performance overhead.
# To eliminate this warning, add "type": "module" to C:\\dev\\macauPos\\macauPosSystem\\package.json.
# (Use `node --trace-warnings ...` to show where the warning was created)
# Subtest: 排位爬梯：梯級順序（Ledger 只接受逐級）
    # Subtest: 梯級必須係 accepted → preparing → ready → completed
    ok 1 - 梯級必須係 accepted → preparing → ready → completed
      ---
      duration_ms: 9.0307
      type: 'test'
      ...
    # Subtest: 梯頂一定係 completed，同 DINEIN_FINAL_STATUS 一致
    ok 2 - 梯頂一定係 completed，同 DINEIN_FINAL_STATUS 一致
      ---
      duration_ms: 1.3458
      type: 'test'
      ...
    1..2
ok 182 - 排位爬梯：梯級順序（Ledger 只接受逐級）
  ---
  duration_ms: 16.5246
  type: 'suite'
  ...
# Subtest: 排位爬梯：邊啲錯誤算「已過此級」→ 可以繼續
    # Subtest: Ledger 原始英文 invalid transition → 繼續
    ok 1 - Ledger 原始英文 invalid transition → 繼續
      ---
      duration_ms: 1.6061
      type: 'test'
      ...
    # Subtest: 🔴 經 mapRpcErrorMessage 翻譯後嘅中文 → 一樣要認得（現行主力判定）
    ok 2 - 🔴 經 mapRpcErrorMessage 翻譯後嘅中文 → 一樣要認得（現行主力判定）
      ---
      duration_ms: 0.6302
      type: 'test'
      ...
    # Subtest: already（例如 order already completed）→ 繼續
    ok 3 - already（例如 order already completed）→ 繼續
      ---
      duration_ms: 1.0025
      type: 'test'
      ...
    # Subtest: 🔴 真失敗（登入／設定／網絡）→ 唔算，要即刻停手
    ok 4 - 🔴 真失敗（登入／設定／網絡）→ 唔算，要即刻停手
      ---
      duration_ms: 0.6952
      type: 'test'
      ...
    1..4
ok 183 - 排位爬梯：邊啲錯誤算「已過此級」→ 可以繼續
  ---
  duration_ms: 6.5154
  type: 'suite'
  ...
# Subtest: 排位爬梯：完成判定
    # Subtest: completed（含大小寫／空白）→ 已完成
    ok 1 - completed（含大小寫／空白）→ 已完成
      ---
      duration_ms: 4.2194
      type: 'test'
      ...
    # Subtest: 🔴 未到梯頂 / 已取消 / 讀唔到 → 唔算完成（要當失敗提示收銀）
    ok 2 - 🔴 未到梯頂 / 已取消 / 讀唔到 → 唔算完成（要當失敗提示收銀）
      ---
      duration_ms: 1.1698
      type: 'test'
      ...
    1..2
ok 184 - 排位爬梯：完成判定
  ---
  duration_ms: 7.0036
  type: 'suite'
  ...
# (node:10236) [MODULE_TYPELESS_PACKAGE_JSON] Warning: Module type of file:///C:/dev/macauPos/macauPosSystem/src/lib/pos/order-event-time.test.ts is not specified and it doesn't parse as CommonJS.
# Reparsing as ES module because module syntax was detected. This incurs a performance overhead.
# To eliminate this warning, add "type": "module" to C:\\dev\\macauPos\\macauPosSystem\\package.json.
# (Use `node --trace-warnings ...` to show where the warning was created)
# Subtest: orderEventInstant：優先序 reopenedAt → originalSettledAt → updatedAt → createdAt
ok 185 - orderEventInstant：優先序 reopenedAt → originalSettledAt → updatedAt → createdAt
  ---
  duration_ms: 12.1607
  type: 'test'
  ...
# Subtest: orderEventInstant：`originalSettledAt` 缺席時唔可以令 `updatedAt` 被跳過
ok 186 - orderEventInstant：`originalSettledAt` 缺席時唔可以令 `updatedAt` 被跳過
  ---
  duration_ms: 0.5613
  type: 'test'
  ...
# Subtest: orderEventInstant：空／非法／缺欄一律 0（唔會拋）
ok 187 - orderEventInstant：空／非法／缺欄一律 0（唔會拋）
  ---
  duration_ms: 0.882
  type: 'test'
  ...
# Subtest: orderEventInstant：只認字串，唔會將非字串欄位當有效
ok 188 - orderEventInstant：只認字串，唔會將非字串欄位當有效
  ---
  duration_ms: 0.4342
  type: 'test'
  ...
# Subtest: orderEventISO：回傳原本字串（唔重新格式化）
ok 189 - orderEventISO：回傳原本字串（唔重新格式化）
  ---
  duration_ms: 0.8205
  type: 'test'
  ...
# Subtest: orderEventISO：同 orderEventInstant 揀同一個欄位
ok 190 - orderEventISO：同 orderEventInstant 揀同一個欄位
  ---
  duration_ms: 0.6469
  type: 'test'
  ...
# Subtest: 迴歸：跨午夜結帳嘅單只歸屬一個範圍（唔會兩邊都收）
ok 191 - 迴歸：跨午夜結帳嘅單只歸屬一個範圍（唔會兩邊都收）
  ---
  duration_ms: 109.9463
  type: 'test'
  ...
# Subtest: 迴歸：同一批單用 orderEventInstant 篩選，每張只會落一個日界
ok 192 - 迴歸：同一批單用 orderEventInstant 篩選，每張只會落一個日界
  ---
  duration_ms: 5.8906
  type: 'test'
  ...
# (node:7752) [MODULE_TYPELESS_PACKAGE_JSON] Warning: Module type of file:///C:/dev/macauPos/macauPosSystem/src/lib/pos/order-item-diff.test.ts is not specified and it doesn't parse as CommonJS.
# Reparsing as ES module because module syntax was detected. This incurs a performance overhead.
# To eliminate this warning, add "type": "module" to C:\\dev\\macauPos\\macauPosSystem\\package.json.
# (Use `node --trace-warnings ...` to show where the warning was created)
# Subtest: orderItemKey：規格次序唔影響身分（sort 後連接）
ok 193 - orderItemKey：規格次序唔影響身分（sort 後連接）
  ---
  duration_ms: 11.3126
  type: 'test'
  ...
# Subtest: orderItemKey：價錢 / 備註 / 規格唔同 → 身分唔同
ok 194 - orderItemKey：價錢 / 備註 / 規格唔同 → 身分唔同
  ---
  duration_ms: 1.1263
  type: 'test'
  ...
# Subtest: diffAddedItems：全新單（base 空）→ 全部當新增
ok 195 - diffAddedItems：全新單（base 空）→ 全部當新增
  ---
  duration_ms: 0.8653
  type: 'test'
  ...
# Subtest: diffAddedItems：加單（原本 1 項，加 2 項）→ 只回新增嘅 2 項
ok 196 - diffAddedItems：加單（原本 1 項，加 2 項）→ 只回新增嘅 2 項
  ---
  duration_ms: 3.3375
  type: 'test'
  ...
# Subtest: diffAddedItems：同一款加數量 → 回差額（唔係總數）
ok 197 - diffAddedItems：同一款加數量 → 回差額（唔係總數）
  ---
  duration_ms: 8.5594
  type: 'test'
  ...
# Subtest: diffAddedItems：減菜 / 冇變 → 回空（唔會退單）
ok 198 - diffAddedItems：減菜 / 冇變 → 回空（唔會退單）
  ---
  duration_ms: 1.2394
  type: 'test'
  ...
# Subtest: addedItemsSignature：次序無關、內容敏感（去重比對用）
ok 199 - addedItemsSignature：次序無關、內容敏感（去重比對用）
  ---
  duration_ms: 0.8821
  type: 'test'
  ...
# Subtest: totalItemQuantity：加總件數
ok 200 - totalItemQuantity：加總件數
  ---
  duration_ms: 0.6132
  type: 'test'
  ...
# Subtest: diffReducedItems：退掉一整行 → 回該行原數量
ok 201 - diffReducedItems：退掉一整行 → 回該行原數量
  ---
  duration_ms: 11.8233
  type: 'test'
  ...
# Subtest: diffReducedItems：同一行減數量（x3 → x1）→ 回差額 x2
ok 202 - diffReducedItems：同一行減數量（x3 → x1）→ 回差額 x2
  ---
  duration_ms: 1.9436
  type: 'test'
  ...
# Subtest: diffReducedItems：加菜 / 無變化 / 空值 → 一律回空
ok 203 - diffReducedItems：加菜 / 無變化 / 空值 → 一律回空
  ---
  duration_ms: 0.8024
  type: 'test'
  ...
# Subtest: diffReducedItems：換菜（刪 A 加 B）→ 只回 A 減少嘅部分，唔會誤報 B
ok 204 - diffReducedItems：換菜（刪 A 加 B）→ 只回 A 減少嘅部分，唔會誤報 B
  ---
  duration_ms: 0.562
  type: 'test'
  ...
# Subtest: diffReducedItems：規格唔同視為兩款菜（同 orderItemKey 口徑一致）
ok 205 - diffReducedItems：規格唔同視為兩款菜（同 orderItemKey 口徑一致）
  ---
  duration_ms: 0.4903
  type: 'test'
  ...
# Subtest: refundRecordCount：正常陣列回長度
ok 206 - refundRecordCount：正常陣列回長度
  ---
  duration_ms: 0.3952
  type: 'test'
  ...
# Subtest: refundRecordCount：遷移未跑（undefined / null）＋ 髒資料 → 一律回 0，唔拋錯
ok 207 - refundRecordCount：遷移未跑（undefined / null）＋ 髒資料 → 一律回 0，唔拋錯
  ---
  duration_ms: 0.3149
  type: 'test'
  ...
# (node:3812) [MODULE_TYPELESS_PACKAGE_JSON] Warning: Module type of file:///C:/dev/macauPos/macauPosSystem/src/lib/pos/order-notes.test.ts is not specified and it doesn't parse as CommonJS.
# Reparsing as ES module because module syntax was detected. This incurs a performance overhead.
# To eliminate this warning, add "type": "module" to C:\\dev\\macauPos\\macauPosSystem\\package.json.
# (Use `node --trace-warnings ...` to show where the warning was created)
# Subtest: 全單折扣有原因 → 出一個 discount chip
ok 208 - 全單折扣有原因 → 出一個 discount chip
  ---
  duration_ms: 28.742
  type: 'test'
  ...
# Subtest: 冇任何調整 → 空陣列（唔可以無中生有）
ok 209 - 冇任何調整 → 空陣列（唔可以無中生有）
  ---
  duration_ms: 0.9203
  type: 'test'
  ...
# Subtest: 有折扣金額但冇原因（舊單 / 功能上線前）→ 唔會造假文字
ok 210 - 有折扣金額但冇原因（舊單 / 功能上線前）→ 唔會造假文字
  ---
  duration_ms: 1.446
  type: 'test'
  ...
# Subtest: 免單：原因由 compNote 承載，唔會讀 discountNote
ok 211 - 免單：原因由 compNote 承載，唔會讀 discountNote
  ---
  duration_ms: 5.4582
  type: 'test'
  ...
# Subtest: 單品折扣原因逐件讀，同一原因多件只出一次
ok 212 - 單品折扣原因逐件讀，同一原因多件只出一次
  ---
  duration_ms: 3.367
  type: 'test'
  ...
# Subtest: 全單同單品揀咗同一原因 → 只出一個 chip（去重）
ok 213 - 全單同單品揀咗同一原因 → 只出一個 chip（去重）
  ---
  duration_ms: 0.7784
  type: 'test'
  ...
# Subtest: 冇折扣率嘅菜（discountRate undefined 或 >= 100）唔算折扣
ok 214 - 冇折扣率嘅菜（discountRate undefined 或 >= 100）唔算折扣
  ---
  duration_ms: 0.9242
  type: 'test'
  ...
# Subtest: 系統抹零：有金額先出，固定文案，排到最後
ok 215 - 系統抹零：有金額先出，固定文案，排到最後
  ---
  duration_ms: 0.665
  type: 'test'
  ...
# Subtest: 抹零金額為 0 / undefined → 唔出抹零 chip
ok 216 - 抹零金額為 0 / undefined → 唔出抹零 chip
  ---
  duration_ms: 1.7509
  type: 'test'
  ...
# Subtest: 原因頭尾空白會 trim，純空白當冇填
ok 217 - 原因頭尾空白會 trim，純空白當冇填
  ---
  duration_ms: 1.8927
  type: 'test'
  ...
# Subtest: Ledger 線上單：有折扣金額 → 「線上優惠」；冇 → 空陣列
ok 218 - Ledger 線上單：有折扣金額 → 「線上優惠」；冇 → 空陣列
  ---
  duration_ms: 1.0397
  type: 'test'
  ...
# (node:13832) [MODULE_TYPELESS_PACKAGE_JSON] Warning: Module type of file:///C:/dev/macauPos/macauPosSystem/src/lib/pos/order-only-terminal.test.ts is not specified and it doesn't parse as CommonJS.
# Reparsing as ES module because module syntax was detected. This incurs a performance overhead.
# To eliminate this warning, add "type": "module" to C:\\dev\\macauPos\\macauPosSystem\\package.json.
# (Use `node --trace-warnings ...` to show where the warning was created)
# Subtest: isPathAllowedOnOrderOnlyTerminal：白名單
    # Subtest: 白名單路徑一律放行
    ok 1 - 白名單路徑一律放行
      ---
      duration_ms: 4.502
      type: 'test'
      ...
    # Subtest: 帶 query / hash 都當同一條路徑
    ok 2 - 帶 query / hash 都當同一條路徑
      ---
      duration_ms: 1.031
      type: 'test'
      ...
    # Subtest: 子路徑放行（前綴 + 段邊界）
    ok 3 - 子路徑放行（前綴 + 段邊界）
      ---
      duration_ms: 4.15
      type: 'test'
      ...
    1..3
ok 219 - isPathAllowedOnOrderOnlyTerminal：白名單
  ---
  duration_ms: 14.7033
  type: 'suite'
  ...
# Subtest: isPathAllowedOnOrderOnlyTerminal：攔截
    # Subtest: 收銀台路由一律攔截
    ok 1 - 收銀台路由一律攔截
      ---
      duration_ms: 0.8382
      type: 'test'
      ...
    # Subtest: 🔴 段邊界：/staffing 唔可以當成 /staff
    ok 2 - 🔴 段邊界：/staffing 唔可以當成 /staff
      ---
      duration_ms: 0.7779
      type: 'test'
      ...
    # Subtest: 空 / 異常輸入唔會爆，一律當攔截
    ok 3 - 空 / 異常輸入唔會爆，一律當攔截
      ---
      duration_ms: 3.3489
      type: 'test'
      ...
    1..3
ok 220 - isPathAllowedOnOrderOnlyTerminal：攔截
  ---
  duration_ms: 8.6755
  type: 'suite'
  ...
# (node:12668) [MODULE_TYPELESS_PACKAGE_JSON] Warning: Module type of file:///C:/dev/macauPos/macauPosSystem/src/lib/pos/order-status-label.test.ts is not specified and it doesn't parse as CommonJS.
# Reparsing as ES module because module syntax was detected. This incurs a performance overhead.
# To eliminate this warning, add "type": "module" to C:\\dev\\macauPos\\macauPosSystem\\package.json.
# (Use `node --trace-warnings ...` to show where the warning was created)
# Subtest: customerOrderStatusLabel
    # Subtest: draft（未經店員確認）→ 明確講清楚要等店員
    ok 1 - draft（未經店員確認）→ 明確講清楚要等店員
      ---
      duration_ms: 3.6268
      type: 'test'
      ...
    # Subtest: 已送廚房 + 未開始做 → 已送廚房
    ok 2 - 已送廚房 + 未開始做 → 已送廚房
      ---
      duration_ms: 0.5482
      type: 'test'
      ...
    # Subtest: 製作中（fulfillmentStatus=preparing）→ 製作中
    ok 3 - 製作中（fulfillmentStatus=preparing）→ 製作中
      ---
      duration_ms: 0.5356
      type: 'test'
      ...
    # Subtest: 可取餐優先過單據狀態（即使單據已付款）
    ok 4 - 可取餐優先過單據狀態（即使單據已付款）
      ---
      duration_ms: 0.8601
      type: 'test'
      ...
    # Subtest: 付款 / 完成 / 取消 / 退款各自有客人聽得明嘅講法
    ok 5 - 付款 / 完成 / 取消 / 退款各自有客人聽得明嘅講法
      ---
      duration_ms: 0.6493
      type: 'test'
      ...
    # Subtest: reopened / 未知狀態 → 一律回「進行中」，唔會露出枚舉值或空白
    ok 6 - reopened / 未知狀態 → 一律回「進行中」，唔會露出枚舉值或空白
      ---
      duration_ms: 0.7782
      type: 'test'
      ...
    1..6
ok 221 - customerOrderStatusLabel
  ---
  duration_ms: 12.2447
  type: 'suite'
  ...
# (node:17368) [MODULE_TYPELESS_PACKAGE_JSON] Warning: Module type of file:///C:/dev/macauPos/macauPosSystem/src/lib/pos/poll-gate.test.ts is not specified and it doesn't parse as CommonJS.
# Reparsing as ES module because module syntax was detected. This incurs a performance overhead.
# To eliminate this warning, add "type": "module" to C:\\dev\\macauPos\\macauPosSystem\\package.json.
# (Use `node --trace-warnings ...` to show where the warning was created)
# Subtest: decidePoll ── 硬性停止
    # Subtest: 冇 session → 即停
    ok 1 - 冇 session → 即停
      ---
      duration_ms: 5.9976
      type: 'test'
      ...
    # Subtest: 分頁隱藏 → 停
    ok 2 - 分頁隱藏 → 停
      ---
      duration_ms: 0.5854
      type: 'test'
      ...
    # Subtest: 🔴 閒置 5 分鐘 → 停（J 拍板）
    ok 3 - 🔴 閒置 5 分鐘 → 停（J 拍板）
      ---
      duration_ms: 3.9533
      type: 'test'
      ...
    # Subtest: 🔴 線下 ＋ 線上兩條通路都關 → 停
    ok 4 - 🔴 線下 ＋ 線上兩條通路都關 → 停
      ---
      duration_ms: 0.6652
      type: 'test'
      ...
    # Subtest: 已收工而且冇 pending 事件 → 停
    ok 5 - 已收工而且冇 pending 事件 → 停
      ---
      duration_ms: 0.6355
      type: 'test'
      ...
    1..5
ok 222 - decidePoll ── 硬性停止
  ---
  duration_ms: 16.5636
  type: 'suite'
  ...
# Subtest: decidePoll ── push 優先（核心）
    # Subtest: 🔴 Realtime 通 → 兜底間隔係 5 分鐘，唔係 60 秒
    ok 1 - 🔴 Realtime 通 → 兜底間隔係 5 分鐘，唔係 60 秒
      ---
      duration_ms: 0.6418
      type: 'test'
      ...
    # Subtest: 🔴 Realtime 通、距上次只隔 90 秒 → 唔打（等推送）
    ok 2 - 🔴 Realtime 通、距上次只隔 90 秒 → 唔打（等推送）
      ---
      duration_ms: 1.4992
      type: 'test'
      ...
    # Subtest: 🔴 Realtime 唔通、距上次只隔 90 秒 → 都唔打（未夠 60 秒下限？已夠 → 打）
    ok 3 - 🔴 Realtime 唔通、距上次只隔 90 秒 → 都唔打（未夠 60 秒下限？已夠 → 打）
      ---
      duration_ms: 1.1206
      type: 'test'
      ...
    # Subtest: 🔴 Realtime 唔通、距上次只隔 30 秒 → 唔打（未夠降級下限）
    ok 4 - 🔴 Realtime 唔通、距上次只隔 30 秒 → 唔打（未夠降級下限）
      ---
      duration_ms: 1.0233
      type: 'test'
      ...
    # Subtest: 🔴 `realtimeConnected === null`（未知）→ 當唔通，用返現行節奏（fail-open）
    ok 5 - 🔴 `realtimeConnected === null`（未知）→ 當唔通，用返現行節奏（fail-open）
      ---
      duration_ms: 1.1417
      type: 'test'
      ...
    # Subtest: 🆕 首次（`lastPolledAtMs = 0`）→ 立即放行
    ok 6 - 🆕 首次（`lastPolledAtMs = 0`）→ 立即放行
      ---
      duration_ms: 0.5157
      type: 'test'
      ...
    1..6
ok 223 - decidePoll ── push 優先（核心）
  ---
  duration_ms: 7.2706
  type: 'suite'
  ...
# Subtest: decidePoll ── 唔應該停（fail-open，最重要）
    # Subtest: 🔴 只關線下（殘留通道：線上仲開）→ 要繼續
    ok 1 - 🔴 只關線下（殘留通道：線上仲開）→ 要繼續
      ---
      duration_ms: 0.5627
      type: 'test'
      ...
    # Subtest: 🔴 只關線上 → 要繼續
    ok 2 - 🔴 只關線上 → 要繼續
      ---
      duration_ms: 0.258
      type: 'test'
      ...
    # Subtest: 🔴 已收工**但本機仲有 pending 事件** → 要繼續
    ok 3 - 🔴 已收工**但本機仲有 pending 事件** → 要繼續
      ---
      duration_ms: 0.2539
      type: 'test'
      ...
    # Subtest: 🔴 未讀到（null）一律照跑（斷網唔可以停同步）
    ok 4 - 🔴 未讀到（null）一律照跑（斷網唔可以停同步）
      ---
      duration_ms: 0.4059
      type: 'test'
      ...
    # Subtest: 剛剛好 5 分鐘（邊界）→ 當作閒置（門檻係「≥」）
    ok 5 - 剛剛好 5 分鐘（邊界）→ 當作閒置（門檻係「≥」）
      ---
      duration_ms: 0.5394
      type: 'test'
      ...
    # Subtest: 差 1 毫秒就未夠 5 分鐘 → 仍然繼續
    ok 6 - 差 1 毫秒就未夠 5 分鐘 → 仍然繼續
      ---
      duration_ms: 0.5511
      type: 'test'
      ...
    # Subtest: 自訂 idleMs 生效
    ok 7 - 自訂 idleMs 生效
      ---
      duration_ms: 0.6346
      type: 'test'
      ...
    1..7
ok 224 - decidePoll ── 唔應該停（fail-open，最重要）
  ---
  duration_ms: 3.8788
  type: 'suite'
  ...
# Subtest: decidePoll ── 事件驅動 vs 週期（kind）
    # Subtest: 🔴 `triggered`：mount backfill / 重連補拉 唔可以被 idle／關店／收工／間隔擋
    ok 1 - 🔴 `triggered`：mount backfill / 重連補拉 唔可以被 idle／關店／收工／間隔擋
      ---
      duration_ms: 0.6105
      type: 'test'
      ...
    # Subtest: 🔴 但 `triggered` 仍然受「冇 session」同「分頁隱藏」限制
    ok 2 - 🔴 但 `triggered` 仍然受「冇 session」同「分頁隱藏」限制
      ---
      duration_ms: 0.296
      type: 'test'
      ...
    # Subtest: 🔴 `periodic`（預設）仍然受全部閘限制 —— 唔可以因為加咗 triggered 而變鬆
    ok 3 - 🔴 `periodic`（預設）仍然受全部閘限制 —— 唔可以因為加咗 triggered 而變鬆
      ---
      duration_ms: 0.3349
      type: 'test'
      ...
    1..3
ok 225 - decidePoll ── 事件驅動 vs 週期（kind）
  ---
  duration_ms: 1.8928
  type: 'suite'
  ...
# Subtest: decidePoll ── 緊急路徑（推單上雲唔可以被擋）
    # Subtest: 🔴 閒置時嘅緊急推單 → 照推
    ok 1 - 🔴 閒置時嘅緊急推單 → 照推
      ---
      duration_ms: 0.6402
      type: 'test'
      ...
    # Subtest: 🔴 關店／收工時嘅緊急推單 → 照推
    ok 2 - 🔴 關店／收工時嘅緊急推單 → 照推
      ---
      duration_ms: 0.4739
      type: 'test'
      ...
    # Subtest: 🔴 但冇 session／分頁隱藏 → 緊急都唔推（根本冇憑證 / 冇人睇）
    ok 3 - 🔴 但冇 session／分頁隱藏 → 緊急都唔推（根本冇憑證 / 冇人睇）
      ---
      duration_ms: 0.3463
      type: 'test'
      ...
    1..3
ok 226 - decidePoll ── 緊急路徑（推單上雲唔可以被擋）
  ---
  duration_ms: 1.9412
  type: 'suite'
  ...
# Subtest: idleForMs
    # Subtest: 正常差值
    ok 1 - 正常差值
      ---
      duration_ms: 0.5347
      type: 'test'
      ...
    # Subtest: 從未互動（0 / NaN）→ 回 0（當剛活躍，唔可以誤判閒置）
    ok 2 - 從未互動（0 / NaN）→ 回 0（當剛活躍，唔可以誤判閒置）
      ---
      duration_ms: 0.3006
      type: 'test'
      ...
    # Subtest: 時鐘倒退 → 夾做 0（唔可以回負數令判準反轉）
    ok 3 - 時鐘倒退 → 夾做 0（唔可以回負數令判準反轉）
      ---
      duration_ms: 2.595
      type: 'test'
      ...
    1..3
ok 227 - idleForMs
  ---
  duration_ms: 3.8835
  type: 'suite'
  ...
# (node:16712) [MODULE_TYPELESS_PACKAGE_JSON] Warning: Module type of file:///C:/dev/macauPos/macauPosSystem/src/lib/pos/pos-app-queue-base.test.ts is not specified and it doesn't parse as CommonJS.
# Reparsing as ES module because module syntax was detected. This incurs a performance overhead.
# To eliminate this warning, add "type": "module" to C:\\dev\\macauPos\\macauPosSystem\\package.json.
# (Use `node --trace-warnings ...` to show where the warning was created)
# Subtest: pos-app.tsx：pushEvents / enqueuePrintJobs 契約（2026-09-22）
    # Subtest: pushEvents() 嘅 base 係 loadQueue()，唔可以係 React state queue
    ok 1 - pushEvents() 嘅 base 係 loadQueue()，唔可以係 React state queue
      ---
      duration_ms: 6.2005
      type: 'test'
      ...
    # Subtest: enqueuePrintJobs() 委派 appendPrintJobsWithSync()，唔准自己再砌 PRINT_JOB_CREATED
    ok 2 - enqueuePrintJobs() 委派 appendPrintJobsWithSync()，唔准自己再砌 PRINT_JOB_CREATED
      ---
      duration_ms: 0.7011
      type: 'test'
      ...
    # Subtest: 結帳收據唔可以再靜默 no-op（要出得聲）
    ok 3 - 結帳收據唔可以再靜默 no-op（要出得聲）
      ---
      duration_ms: 0.9493
      type: 'test'
      ...
    # Subtest: 自動隔離孤兒單一定要出可見提示（唔可以靜默移走）
    ok 4 - 自動隔離孤兒單一定要出可見提示（唔可以靜默移走）
      ---
      duration_ms: 0.8833
      type: 'test'
      ...
    1..4
ok 228 - pos-app.tsx：pushEvents / enqueuePrintJobs 契約（2026-09-22）
  ---
  duration_ms: 13.0782
  type: 'suite'
  ...
# Subtest: state/route.ts：唔可以回「雲端冇單」嘅假象（2026-09-22）
    # Subtest: 增量之下有未結帳兜底腿
    ok 1 - 增量之下有未結帳兜底腿
      ---
      duration_ms: 1.2457
      type: 'test'
      ...
    # Subtest: truncated 判準一定要用「未合併兜底腿之前」嘅行數
    ok 2 - truncated 判準一定要用「未合併兜底腿之前」嘅行數
      ---
      duration_ms: 0.6624
      type: 'test'
      ...
    # Subtest: legacyThrottled 節流骨架一定要回未結帳單，唔可以回空 orders
    ok 3 - legacyThrottled 節流骨架一定要回未結帳單，唔可以回空 orders
      ---
      duration_ms: 1.0347
      type: 'test'
      ...
    1..3
ok 229 - state/route.ts：唔可以回「雲端冇單」嘅假象（2026-09-22）
  ---
  duration_ms: 4.4557
  type: 'suite'
  ...
# (node:20964) [MODULE_TYPELESS_PACKAGE_JSON] Warning: Module type of file:///C:/dev/macauPos/macauPosSystem/src/lib/pos/pos-deeplink-path.test.ts is not specified and it doesn't parse as CommonJS.
# Reparsing as ES module because module syntax was detected. This incurs a performance overhead.
# To eliminate this warning, add "type": "module" to C:\\dev\\macauPos\\macauPosSystem\\package.json.
# (Use `node --trace-warnings ...` to show where the warning was created)
# Subtest: 唔可以再推根路徑（2026-09-17 統一入口之後）
    # Subtest: 全 src/ 零個 Next router／history 根路徑導航
    ok 1 - 全 src/ 零個 Next router／history 根路徑導航
      ---
      duration_ms: 669.8195
      type: 'test'
      ...
    # Subtest: pos-app.tsx 清 deep-link query 時保留 pathname
    ok 2 - pos-app.tsx 清 deep-link query 時保留 pathname
      ---
      duration_ms: 15.4074
      type: 'test'
      ...
    1..2
ok 230 - 唔可以再推根路徑（2026-09-17 統一入口之後）
  ---
  duration_ms: 690.9341
  type: 'suite'
  ...
# (node:4564) [MODULE_TYPELESS_PACKAGE_JSON] Warning: Module type of file:///C:/dev/macauPos/macauPosSystem/src/lib/pos/print-agent-cadence.test.ts is not specified and it doesn't parse as CommonJS.
# Reparsing as ES module because module syntax was detected. This incurs a performance overhead.
# To eliminate this warning, add "type": "module" to C:\\dev\\macauPos\\macauPosSystem\\package.json.
# (Use `node --trace-warnings ...` to show where the warning was created)
# Subtest: claim 節奏 ── 合約值域
    # Subtest: 🔴 所有常數都落喺 5 秒 ~ 180 秒（APK 有效範圍 ＋ 網頁疑似離線閾值）
    ok 1 - 🔴 所有常數都落喺 5 秒 ~ 180 秒（APK 有效範圍 ＋ 網頁疑似離線閾值）
      ---
      duration_ms: 5.593
      type: 'test'
      ...
    # Subtest: 🔴 任何輸入都唔會跌破 5 秒／超過 180 秒（包括亂數／負數／NaN）
    ok 2 - 🔴 任何輸入都唔會跌破 5 秒／超過 180 秒（包括亂數／負數／NaN）
      ---
      duration_ms: 1.1701
      type: 'test'
      ...
    1..2
ok 231 - claim 節奏 ── 合約值域
  ---
  duration_ms: 16.3495
  type: 'suite'
  ...
# Subtest: claim 節奏 ── 三檔同退避階梯
    # Subtest: 取滿 limit（有積壓）→ 5 秒
    ok 1 - 取滿 limit（有積壓）→ 5 秒
      ---
      duration_ms: 1.8933
      type: 'test'
      ...
    # Subtest: 有取得 job（未滿）→ 15 秒
    ok 2 - 有取得 job（未滿）→ 15 秒
      ---
      duration_ms: 0.5332
      type: 'test'
      ...
    # Subtest: 🔴 連續冇 job → 逐級退避 30 → 60 → 120 → 180（封頂）
    ok 3 - 🔴 連續冇 job → 逐級退避 30 → 60 → 120 → 180（封頂）
      ---
      duration_ms: 0.7928
      type: 'test'
      ...
    # Subtest: 一有 job 就即刻回復正常節奏（唔可以留喺退避）
    ok 4 - 一有 job 就即刻回復正常節奏（唔可以留喺退避）
      ---
      duration_ms: 0.6674
      type: 'test'
      ...
    # Subtest: `nextEmptyStreak` 唔會被負數／NaN 破壞
    ok 5 - `nextEmptyStreak` 唔會被負數／NaN 破壞
      ---
      duration_ms: 6.5648
      type: 'test'
      ...
    # Subtest: 診斷標籤同實際決策一致
    ok 6 - 診斷標籤同實際決策一致
      ---
      duration_ms: 1.5096
      type: 'test'
      ...
    # Subtest: 🔴 空閒店嘅日均請求數要明顯低過固定 30 秒（量化「關店唔應該 call」）
    ok 7 - 🔴 空閒店嘅日均請求數要明顯低過固定 30 秒（量化「關店唔應該 call」）
      ---
      duration_ms: 9.3195
      type: 'test'
      ...
    1..7
ok 232 - claim 節奏 ── 三檔同退避階梯
  ---
  duration_ms: 27.2011
  type: 'suite'
  ...
# (node:14404) [MODULE_TYPELESS_PACKAGE_JSON] Warning: Module type of file:///C:/dev/macauPos/macauPosSystem/src/lib/pos/print-dedupe.test.ts is not specified and it doesn't parse as CommonJS.
# Reparsing as ES module because module syntax was detected. This incurs a performance overhead.
# To eliminate this warning, add "type": "module" to C:\\dev\\macauPos\\macauPosSystem\\package.json.
# (Use `node --trace-warnings ...` to show where the warning was created)
# Subtest: 冇 onceKey → 唔參與去重（手動補打／加菜／退菜／返結）
ok 233 - 冇 onceKey → 唔參與去重（手動補打／加菜／退菜／返結）
  ---
  duration_ms: 7.6341
  type: 'test'
  ...
# Subtest: 🔴 核心迴歸：同一件事重複建 job（兩個視窗各自出一次）→ 只留一張
ok 234 - 🔴 核心迴歸：同一件事重複建 job（兩個視窗各自出一次）→ 只留一張
  ---
  duration_ms: 1.1136
  type: 'test'
  ...
# Subtest: 唔同打印機 → 各自一張（每部機都要有紙）
ok 235 - 唔同打印機 → 各自一張（每部機都要有紙）
  ---
  duration_ms: 0.6218
  type: 'test'
  ...
# Subtest: 🔴 返結重結 = 第二次合法結帳 → 世代唔同，唔可以被攔
ok 236 - 🔴 返結重結 = 第二次合法結帳 → 世代唔同，唔可以被攔
  ---
  duration_ms: 0.5495
  type: 'test'
  ...
# Subtest: 跨視窗：帳本已有嗰條鍵 → 第二個 realm 唔會再出（localStorage 係共用）
ok 237 - 跨視窗：帳本已有嗰條鍵 → 第二個 realm 唔會再出（localStorage 係共用）
  ---
  duration_ms: 3.4615
  type: 'test'
  ...
# Subtest: 廚房單：落單（normal）vs 加菜（addon）vs 返結（void）互不干擾
ok 238 - 廚房單：落單（normal）vs 加菜（addon）vs 返結（void）互不干擾
  ---
  duration_ms: 0.9491
  type: 'test'
  ...
# Subtest: 打印機冇 id → 退回 printerName 做鍵（同一部機唔會當成兩部）
ok 239 - 打印機冇 id → 退回 printerName 做鍵（同一部機唔會當成兩部）
  ---
  duration_ms: 0.809
  type: 'test'
  ...
# Subtest: 由現存 job 推導鍵（雲端 backfill 返落本機嘅別台機 job）
ok 240 - 由現存 job 推導鍵（雲端 backfill 返落本機嘅別台機 job）
  ---
  duration_ms: 0.875
  type: 'test'
  ...
# Subtest: 帳本：去重、保留插入順序、由最舊開始掉
ok 241 - 帳本：去重、保留插入順序、由最舊開始掉
  ---
  duration_ms: 1.3531
  type: 'test'
  ...
# Subtest: 兩個視窗同時落單：同一批入面出現同鍵 → 只留第一張
ok 242 - 兩個視窗同時落單：同一批入面出現同鍵 → 只留第一張
  ---
  duration_ms: 1.6622
  type: 'test'
  ...
# Subtest: 廚房單內容簽名：內容一樣 → 一樣（兩個視窗嘅補印兜底收成一張）
ok 243 - 廚房單內容簽名：內容一樣 → 一樣（兩個視窗嘅補印兜底收成一張）
  ---
  duration_ms: 1.3039
  type: 'test'
  ...
# Subtest: 🔴 廚房單內容簽名：客人改單 → 簽名必須唔同（否則廚房永遠收唔到新內容）
ok 244 - 🔴 廚房單內容簽名：客人改單 → 簽名必須唔同（否則廚房永遠收唔到新內容）
  ---
  duration_ms: 0.9395
  type: 'test'
  ...
# Subtest: 冇 items（純文字單）→ 簽名固定為 0（唔會因空陣列而變）
ok 245 - 冇 items（純文字單）→ 簽名固定為 0（唔會因空陣列而變）
  ---
  duration_ms: 0.7438
  type: 'test'
  ...
# Subtest: 廚房單：同一次事件（同 scope＋同內容）→ 同一鍵，只出一張
ok 246 - 廚房單：同一次事件（同 scope＋同內容）→ 同一鍵，只出一張
  ---
  duration_ms: 0.7827
  type: 'test'
  ...
# (node:18672) [MODULE_TYPELESS_PACKAGE_JSON] Warning: Module type of file:///C:/dev/macauPos/macauPosSystem/src/lib/pos/print-enqueue-callsites.test.ts is not specified and it doesn't parse as CommonJS.
# Reparsing as ES module because module syntax was detected. This incurs a performance overhead.
# To eliminate this warning, add "type": "module" to C:\\dev\\macauPos\\macauPosSystem\\package.json.
# (Use `node --trace-warnings ...` to show where the warning was created)
# Subtest: 出紙路徑守衛 ── `appendPrintJobs` 唔可以再用於自動路徑
    # Subtest: 掃描範圍健全（唔可以因為掃唔到檔案而假綠）
    ok 1 - 掃描範圍健全（唔可以因為掃唔到檔案而假綠）
      ---
      duration_ms: 2.534
      type: 'test'
      ...
    # Subtest: 🔴 自動出紙路徑一律唔准用 `appendPrintJobs`（只可 `appendPrintJobsWithSync`）
    ok 2 - 🔴 自動出紙路徑一律唔准用 `appendPrintJobs`（只可 `appendPrintJobsWithSync`）
      ---
      duration_ms: 2.9765
      type: 'test'
      ...
    1..2
ok 247 - 出紙路徑守衛 ── `appendPrintJobs` 唔可以再用於自動路徑
  ---
  duration_ms: 10.0156
  type: 'suite'
  ...
# (node:16292) [MODULE_TYPELESS_PACKAGE_JSON] Warning: Module type of file:///C:/dev/macauPos/macauPosSystem/src/lib/pos/print-job-failure.test.ts is not specified and it doesn't parse as CommonJS.
# Reparsing as ES module because module syntax was detected. This incurs a performance overhead.
# To eliminate this warning, add "type": "module" to C:\\dev\\macauPos\\macauPosSystem\\package.json.
# (Use `node --trace-warnings ...` to show where the warning was created)
# Subtest: printed 一律唔算失敗
ok 248 - printed 一律唔算失敗
  ---
  duration_ms: 8.1683
  type: 'test'
  ...
# Subtest: pending 未夠 6 分鐘 → 唔告警（等印中）
ok 249 - pending 未夠 6 分鐘 → 唔告警（等印中）
  ---
  duration_ms: 5.7204
  type: 'test'
  ...
# Subtest: pending 超過 6 分鐘 → TIMEOUT_CLAIM（中繼機離線）
ok 250 - pending 超過 6 分鐘 → TIMEOUT_CLAIM（中繼機離線）
  ---
  duration_ms: 0.7874
  type: 'test'
  ...
# Subtest: printing 90 秒內 → 唔告警（正常印緊）
ok 251 - printing 90 秒內 → 唔告警（正常印緊）
  ---
  duration_ms: 1.7468
  type: 'test'
  ...
# Subtest: printing 超過 90 秒 → TIMEOUT_STALE（中繼機中斷）
ok 252 - printing 超過 90 秒 → TIMEOUT_STALE（中繼機中斷）
  ---
  duration_ms: 0.791
  type: 'test'
  ...
# Subtest: 有 error 原文 → AGENT_FAILED（打印機問題）
ok 253 - 有 error 原文 → AGENT_FAILED（打印機問題）
  ---
  duration_ms: 0.5913
  type: 'test'
  ...
# Subtest: attempts 用完 → ATTEMPTS_EXHAUSTED（優先於 AGENT_FAILED）
ok 254 - attempts 用完 → ATTEMPTS_EXHAUSTED（優先於 AGENT_FAILED）
  ---
  duration_ms: 0.4623
  type: 'test'
  ...
# Subtest: VOID_STALE 前綴 → 作廢（最高優先）
ok 255 - VOID_STALE 前綴 → 作廢（最高優先）
  ---
  duration_ms: 6.358
  type: 'test'
  ...
# Subtest: 🔴 當日事故重演：58 張 pending 6 小時 → 全部 TIMEOUT_CLAIM
ok 256 - 🔴 當日事故重演：58 張 pending 6 小時 → 全部 TIMEOUT_CLAIM
  ---
  duration_ms: 1.6792
  type: 'test'
  ...
# Subtest: printing 但冇 claimed_at → TIMEOUT_STALE（資料異常當作 stale）
ok 257 - printing 但冇 claimed_at → TIMEOUT_STALE（資料異常當作 stale）
  ---
  duration_ms: 1.8418
  type: 'test'
  ...
# (node:2572) [MODULE_TYPELESS_PACKAGE_JSON] Warning: Module type of file:///C:/dev/macauPos/macauPosSystem/src/lib/pos/print-job-merge.test.ts is not specified and it doesn't parse as CommonJS.
# Reparsing as ES module because module syntax was detected. This incurs a performance overhead.
# To eliminate this warning, add "type": "module" to C:\\dev\\macauPos\\macauPosSystem\\package.json.
# (Use `node --trace-warnings ...` to show where the warning was created)
# Subtest: 本地 sent 唔被後台落後 pending 覆寫（防重印）
ok 258 - 本地 sent 唔被後台落後 pending 覆寫（防重印）
  ---
  duration_ms: 4.8143
  type: 'test'
  ...
# Subtest: 本地有、server 冇 → 原樣保留（離線新單唔被 backfill 清走）
ok 259 - 本地有、server 冇 → 原樣保留（離線新單唔被 backfill 清走）
  ---
  duration_ms: 3.4277
  type: 'test'
  ...
# Subtest: server 有、本地冇 → 補入（跨終端 / realtime 漏咗嘅單喺 backfill 見返）
ok 260 - server 有、本地冇 → 補入（跨終端 / realtime 漏咗嘅單喺 backfill 見返）
  ---
  duration_ms: 0.6001
  type: 'test'
  ...
# Subtest: 離線→重連模擬：本地 3 張離線新單 + server 已知舊單 → 唔減、唔重印、唔漏
ok 261 - 離線→重連模擬：本地 3 張離線新單 + server 已知舊單 → 唔減、唔重印、唔漏
  ---
  duration_ms: 1.3276
  type: 'test'
  ...
# (node:11448) [MODULE_TYPELESS_PACKAGE_JSON] Warning: Module type of file:///C:/dev/macauPos/macauPosSystem/src/lib/pos/queue-event-batch.test.ts is not specified and it doesn't parse as CommonJS.
# Reparsing as ES module because module syntax was detected. This incurs a performance overhead.
# To eliminate this warning, add "type": "module" to C:\\dev\\macauPos\\macauPosSystem\\package.json.
# (Use `node --trace-warnings ...` to show where the warning was created)
# Subtest: uniqueRowsById — 去重（後者勝，同「逐個 upsert」語義一致）
    # Subtest: 同一 id 出現兩次 → 只保留最後一條
    ok 1 - 同一 id 出現兩次 → 只保留最後一條
      ---
      duration_ms: 11.6139
      type: 'test'
      ...
    # Subtest: 冇重複 → 原樣回（次序不變）
    ok 2 - 冇重複 → 原樣回（次序不變）
      ---
      duration_ms: 0.6233
      type: 'test'
      ...
    # Subtest: 空陣列 / 空輸入唔會爆
    ok 3 - 空陣列 / 空輸入唔會爆
      ---
      duration_ms: 0.7704
      type: 'test'
      ...
    # Subtest: 冇 id / 空 id / 非字串 id 一律丟棄（主鍵寫唔入，會令整批失敗）
    ok 4 - 冇 id / 空 id / 非字串 id 一律丟棄（主鍵寫唔入，會令整批失敗）
      ---
      duration_ms: 0.8488
      type: 'test'
      ...
    # Subtest: 大量重複只回唯一集合（＝可安全餵 array upsert）
    ok 5 - 大量重複只回唯一集合（＝可安全餵 array upsert）
      ---
      duration_ms: 0.9258
      type: 'test'
      ...
    1..5
ok 262 - uniqueRowsById — 去重（後者勝，同「逐個 upsert」語義一致）
  ---
  duration_ms: 18.9453
  type: 'suite'
  ...
# Subtest: chunkRows — 分批（控制每個請求 body 大小）
    # Subtest: 200 行、每批 100 → 剛好 2 批
    ok 1 - 200 行、每批 100 → 剛好 2 批
      ---
      duration_ms: 1.4092
      type: 'test'
      ...
    # Subtest: 25 行、每批 100 → **1 批**（＝常見情況 N→1 嘅關鍵）
    ok 2 - 25 行、每批 100 → **1 批**（＝常見情況 N→1 嘅關鍵）
      ---
      duration_ms: 0.9971
      type: 'test'
      ...
    # Subtest: 除唔盡 → 最後一批係餘數
    ok 3 - 除唔盡 → 最後一批係餘數
      ---
      duration_ms: 2.4192
      type: 'test'
      ...
    # Subtest: 唔可以漏行／重複行（切片總和 = 原本）
    ok 4 - 唔可以漏行／重複行（切片總和 = 原本）
      ---
      duration_ms: 4.2672
      type: 'test'
      ...
    # Subtest: 空輸入 → 0 批（caller 唔應該發空 upsert）
    ok 5 - 空輸入 → 0 批（caller 唔應該發空 upsert）
      ---
      duration_ms: 1.1719
      type: 'test'
      ...
    # Subtest: 非法 size（0 / 負 / NaN / 小數）唔會無限迴圈或漏行
    ok 6 - 非法 size（0 / 負 / NaN / 小數）唔會無限迴圈或漏行
      ---
      duration_ms: 1.6999
      type: 'test'
      ...
    1..6
ok 263 - chunkRows — 分批（控制每個請求 body 大小）
  ---
  duration_ms: 17.7903
  type: 'suite'
  ...
# Subtest: 組合：去重 → 分批（實際 write path 嘅次序）
    # Subtest: 先去重再分批 ⇒ 每批都冇重複 id（21000 防線）
    ok 1 - 先去重再分批 ⇒ 每批都冇重複 id（21000 防線）
      ---
      duration_ms: 0.865
      type: 'test'
      ...
    1..1
ok 264 - 組合：去重 → 分批（實際 write path 嘅次序）
  ---
  duration_ms: 1.1821
  type: 'suite'
  ...
# Subtest: flushQueueEventRows — 由 N 個請求變 1 個
    # Subtest: 🔴 日常情況：25 個事件 → **只發 1 個** upsert 請求（舊版係 25 個）
    ok 1 - 🔴 日常情況：25 個事件 → **只發 1 個** upsert 請求（舊版係 25 個）
      ---
      duration_ms: 3.6171
      type: 'test'
      ...
    # Subtest: 大量事件：200 行、每批 100 → 2 個請求（唔係 200 個）
    ok 2 - 大量事件：200 行、每批 100 → 2 個請求（唔係 200 個）
      ---
      duration_ms: 1.5076
      type: 'test'
      ...
    # Subtest: 重複 id 喺寫入之前就去掉（否則會 21000、整批失敗）
    ok 3 - 重複 id 喺寫入之前就去掉（否則會 21000、整批失敗）
      ---
      duration_ms: 0.674
      type: 'test'
      ...
    # Subtest: 空輸入 → 一個請求都唔發（唔可以發空 upsert）
    ok 4 - 空輸入 → 一個請求都唔發（唔可以發空 upsert）
      ---
      duration_ms: 0.5208
      type: 'test'
      ...
    # Subtest: 中途失敗 → 即刻停（唔試其餘批次）、回報已寫入行數、**唔會 throw**
    ok 5 - 中途失敗 → 即刻停（唔試其餘批次）、回報已寫入行數、**唔會 throw**
      ---
      duration_ms: 1.1842
      type: 'test'
      ...
    # Subtest: 失敗唔會影響業務：函式唔 throw（審計表唔係真源，唔可以令成批回 500）
    ok 6 - 失敗唔會影響業務：函式唔 throw（審計表唔係真源，唔可以令成批回 500）
      ---
      duration_ms: 1.0961
      type: 'test'
      ...
    # Subtest: 冇 onError 都可以安全失敗（caller 可以唔提供）
    ok 7 - 冇 onError 都可以安全失敗（caller 可以唔提供）
      ---
      duration_ms: 0.7734
      type: 'test'
      ...
    # Subtest: 錯誤冇 message 都唔會爆（String(undefined) 有兜底）
    ok 8 - 錯誤冇 message 都唔會爆（String(undefined) 有兜底）
      ---
      duration_ms: 0.6706
      type: 'test'
      ...
    1..8
ok 265 - flushQueueEventRows — 由 N 個請求變 1 個
  ---
  duration_ms: 11.0775
  type: 'suite'
  ...
# (node:25664) [MODULE_TYPELESS_PACKAGE_JSON] Warning: Module type of file:///C:/dev/macauPos/macauPosSystem/src/lib/pos/queue-signature.test.ts is not specified and it doesn't parse as CommonJS.
# Reparsing as ES module because module syntax was detected. This incurs a performance overhead.
# To eliminate this warning, add "type": "module" to C:\\dev\\macauPos\\macauPosSystem\\package.json.
# (Use `node --trace-warnings ...` to show where the warning was created)
# Subtest: queueSignature
    # Subtest: 空隊列 / null / undefined 一律回空字串
    ok 1 - 空隊列 / null / undefined 一律回空字串
      ---
      duration_ms: 4.5193
      type: 'test'
      ...
    # Subtest: 單筆：JSON 編碼 `[id,status]`
    ok 2 - 單筆：JSON 編碼 `[id,status]`
      ---
      duration_ms: 0.5832
      type: 'test'
      ...
    # Subtest: 🔴 次序唔同、內容一樣 → 同一個簽名（隊列次序唔應該觸發全量拉取）
    ok 3 - 🔴 次序唔同、內容一樣 → 同一個簽名（隊列次序唔應該觸發全量拉取）
      ---
      duration_ms: 0.5113
      type: 'test'
      ...
    # Subtest: 🔴 狀態變咗 → 簽名一定要變（否則 UI 唔會更新待同步提示）
    ok 4 - 🔴 狀態變咗 → 簽名一定要變（否則 UI 唔會更新待同步提示）
      ---
      duration_ms: 1.4897
      type: 'test'
      ...
    # Subtest: 🔴 多／少一筆 → 簽名一定要變
    ok 5 - 🔴 多／少一筆 → 簽名一定要變
      ---
      duration_ms: 0.893
      type: 'test'
      ...
    # Subtest: id 唔同 → 簽名唔同
    ok 6 - id 唔同 → 簽名唔同
      ---
      duration_ms: 0.526
      type: 'test'
      ...
    # Subtest: 🔴 分隔符唔可以撞簽名（`a:b`+`c` vs `a`+`b:c` 一定要分辨得出）
    ok 7 - 🔴 分隔符唔可以撞簽名（`a:b`+`c` vs `a`+`b:c` 一定要分辨得出）
      ---
      duration_ms: 0.6124
      type: 'test'
      ...
    # Subtest: 相同內容重覆計算 → 穩定（純函式、冇隱藏狀態）
    ok 8 - 相同內容重覆計算 → 穩定（純函式、冇隱藏狀態）
      ---
      duration_ms: 0.7147
      type: 'test'
      ...
    # Subtest: 唔會改動輸入陣列（簽名過程只讀）
    ok 9 - 唔會改動輸入陣列（簽名過程只讀）
      ---
      duration_ms: 2.5592
      type: 'test'
      ...
    # Subtest: 接受額外欄位（真實 QueueEvent 有 payload / createdAt）
    ok 10 - 接受額外欄位（真實 QueueEvent 有 payload / createdAt）
      ---
      duration_ms: 1.3947
      type: 'test'
      ...
    1..10
ok 266 - queueSignature
  ---
  duration_ms: 25.5545
  type: 'suite'
  ...
# (node:16916) [MODULE_TYPELESS_PACKAGE_JSON] Warning: Module type of file:///C:/dev/macauPos/macauPosSystem/src/lib/pos/quick-scan-remembered-order.test.ts is not specified and it doesn't parse as CommonJS.
# Reparsing as ES module because module syntax was detected. This incurs a performance overhead.
# To eliminate this warning, add "type": "module" to C:\\dev\\macauPos\\macauPosSystem\\package.json.
# (Use `node --trace-warnings ...` to show where the warning was created)
# Subtest: quickScanRememberedOrderIsFresh
    # Subtest: 剛落嘅快餐 counter 單 → 有效
    ok 1 - 剛落嘅快餐 counter 單 → 有效
      ---
      duration_ms: 10.9888
      type: 'test'
      ...
    # Subtest: 冇 id / null / undefined → 無效
    ok 2 - 冇 id / null / undefined → 無效
      ---
      duration_ms: 0.586
      type: 'test'
      ...
    # Subtest: 枱單（唔係 counter）→ 無效：唔可以喺快餐 link 顯示枱單號碼
    ok 3 - 枱單（唔係 counter）→ 無效：唔可以喺快餐 link 顯示枱單號碼
      ---
      duration_ms: 0.495
      type: 'test'
      ...
    # Subtest: 超過有效期（預設 6 小時）→ 無效；邊界值仍然有效
    ok 4 - 超過有效期（預設 6 小時）→ 無效；邊界值仍然有效
      ---
      duration_ms: 9.0121
      type: 'test'
      ...
    # Subtest: createdAt 壞 / 缺失 → 無效（寧可唔顯示，都唔好顯示一個唔知幾時嘅號）
    ok 5 - createdAt 壞 / 缺失 → 無效（寧可唔顯示，都唔好顯示一個唔知幾時嘅號）
      ---
      duration_ms: 0.6355
      type: 'test'
      ...
    1..5
ok 267 - quickScanRememberedOrderIsFresh
  ---
  duration_ms: 27.9673
  type: 'suite'
  ...
# (node:23768) [MODULE_TYPELESS_PACKAGE_JSON] Warning: Module type of file:///C:/dev/macauPos/macauPosSystem/src/lib/pos/realtime-target.test.ts is not specified and it doesn't parse as CommonJS.
# Reparsing as ES module because module syntax was detected. This incurs a performance overhead.
# To eliminate this warning, add "type": "module" to C:\\dev\\macauPos\\macauPosSystem\\package.json.
# (Use `node --trace-warnings ...` to show where the warning was created)
# Subtest: resolvePosRealtimeConfig
    # Subtest: 有 POS 專用變數時用 pos 來源（優先於舊變數）
    ok 1 - 有 POS 專用變數時用 pos 來源（優先於舊變數）
      ---
      duration_ms: 22.5659
      type: 'test'
      ...
    # Subtest: 冇 POS 變數時退回舊變數並標記為 ledger-fallback
    ok 2 - 冇 POS 變數時退回舊變數並標記為 ledger-fallback
      ---
      duration_ms: 1.057
      type: 'test'
      ...
    # Subtest: POS 變數只有一半（冇 key）時唔會採用，退回舊變數
    ok 3 - POS 變數只有一半（冇 key）時唔會採用，退回舊變數
      ---
      duration_ms: 0.8075
      type: 'test'
      ...
    # Subtest: 完全冇配置回 null
    ok 4 - 完全冇配置回 null
      ---
      duration_ms: 3.0542
      type: 'test'
      ...
    # Subtest: 空字串／只有空白當作未設定
    ok 5 - 空字串／只有空白當作未設定
      ---
      duration_ms: 2.0075
      type: 'test'
      ...
    # Subtest: 值前後有空白會 trim
    ok 6 - 值前後有空白會 trim
      ---
      duration_ms: 1.1906
      type: 'test'
      ...
    1..6
ok 268 - resolvePosRealtimeConfig
  ---
  duration_ms: 36.0365
  type: 'suite'
  ...
# Subtest: safeHost
    # Subtest: 正常 URL 抽 host
    ok 1 - 正常 URL 抽 host
      ---
      duration_ms: 0.7863
      type: 'test'
      ...
    # Subtest: 唔合法嘅字串原樣回短版（唔會拋錯）
    ok 2 - 唔合法嘅字串原樣回短版（唔會拋錯）
      ---
      duration_ms: 1.474
      type: 'test'
      ...
    # Subtest: null 回 null
    ok 3 - null 回 null
      ---
      duration_ms: 3.4211
      type: 'test'
      ...
    1..3
ok 269 - safeHost
  ---
  duration_ms: 8.422
  type: 'suite'
  ...
# Subtest: buildPosOrdersProbeUrl
    # Subtest: 基本組合
    ok 1 - 基本組合
      ---
      duration_ms: 22.78
      type: 'test'
      ...
    # Subtest: 尾部斜線唔會變雙斜線
    ok 2 - 尾部斜線唔會變雙斜線
      ---
      duration_ms: 0.7193
      type: 'test'
      ...
    1..2
ok 270 - buildPosOrdersProbeUrl
  ---
  duration_ms: 24.237
  type: 'suite'
  ...
# Subtest: describePosRealtimeProbe / isPosRealtimeHealthy
    # Subtest: 每個狀態都有非空描述
    ok 1 - 每個狀態都有非空描述
      ---
      duration_ms: 1.062
      type: 'test'
      ...
    # Subtest: 只有 ok 算健康
    ok 2 - 只有 ok 算健康
      ---
      duration_ms: 0.626
      type: 'test'
      ...
    1..2
ok 271 - describePosRealtimeProbe / isPosRealtimeHealthy
  ---
  duration_ms: 2.0959
  type: 'suite'
  ...
# Subtest: isBadApiKeyBody
    # Subtest: 認得 PostgREST 嘅錯 key 文案
    ok 1 - 認得 PostgREST 嘅錯 key 文案
      ---
      duration_ms: 1.0912
      type: 'test'
      ...
    # Subtest: 唔會誤認 RLS 拒絕
    ok 2 - 唔會誤認 RLS 拒絕
      ---
      duration_ms: 0.59
      type: 'test'
      ...
    1..2
ok 272 - isBadApiKeyBody
  ---
  duration_ms: 1.9957
  type: 'suite'
  ...
# Subtest: probePosRealtimeTarget
    # Subtest: 冇配置 → unconfigured，唔會發請求
    ok 1 - 冇配置 → unconfigured，唔會發請求
      ---
      duration_ms: 2.3315
      type: 'test'
      ...
    # Subtest: 200 → ok，並帶 apikey / Authorization header 同正確 URL
    ok 2 - 200 → ok，並帶 apikey / Authorization header 同正確 URL
      ---
      duration_ms: 207.2121
      type: 'test'
      ...
    # Subtest: 404 + PGRST205 → table_missing（訂錯專案）
    ok 3 - 404 + PGRST205 → table_missing（訂錯專案）
      ---
      duration_ms: 7.986
      type: 'test'
      ...
    # Subtest: 404 但 body 唔含 PGRST205 一律當 table_missing
    ok 4 - 404 但 body 唔含 PGRST205 一律當 table_missing
      ---
      duration_ms: 2.1162
      type: 'test'
      ...
    # Subtest: 401 Invalid API key → bad_key（唔可以報成 unauthorized/表存在）
    ok 5 - 401 Invalid API key → bad_key（唔可以報成 unauthorized/表存在）
      ---
      duration_ms: 2.036
      type: 'test'
      ...
    # Subtest: 401 No API key found → bad_key
    ok 6 - 401 No API key found → bad_key
      ---
      duration_ms: 2.1786
      type: 'test'
      ...
    # Subtest: 401 permission denied（key 有效但 anon 冇 select）→ unauthorized
    ok 7 - 401 permission denied（key 有效但 anon 冇 select）→ unauthorized
      ---
      duration_ms: 2.3804
      type: 'test'
      ...
    # Subtest: bad_key 唔會被誤判成 table_missing（404 以外的狀態碼）
    ok 8 - bad_key 唔會被誤判成 table_missing（404 以外的狀態碼）
      ---
      duration_ms: 3.7869
      type: 'test'
      ...
    # Subtest: 42501 → unauthorized（RLS 擋 anon）
    ok 9 - 42501 → unauthorized（RLS 擋 anon）
      ---
      duration_ms: 5.005
      type: 'test'
      ...
    # Subtest: 500 → error 並帶狀態碼
    ok 10 - 500 → error 並帶狀態碼
      ---
      duration_ms: 4.4307
      type: 'test'
      ...
    # Subtest: fetch 拋錯（斷網 / timeout）→ error，唔會 throw
    ok 11 - fetch 拋錯（斷網 / timeout）→ error，唔會 throw
      ---
      duration_ms: 11.0701
      type: 'test'
      ...
    # Subtest: 探測唔會傳出 anon key 到 host 欄位
    ok 12 - 探測唔會傳出 anon key 到 host 欄位
      ---
      duration_ms: 1.5153
      type: 'test'
      ...
    1..12
ok 273 - probePosRealtimeTarget
  ---
  duration_ms: 253.9181
  type: 'suite'
  ...
# (node:14468) [MODULE_TYPELESS_PACKAGE_JSON] Warning: Module type of file:///C:/dev/macauPos/macauPosSystem/src/lib/pos/reopen-badge.test.ts is not specified and it doesn't parse as CommonJS.
# Reparsing as ES module because module syntax was detected. This incurs a performance overhead.
# To eliminate this warning, add "type": "module" to C:\\dev\\macauPos\\macauPosSystem\\package.json.
# (Use `node --trace-warnings ...` to show where the warning was created)
# Subtest: 冇返結過 → 冇標籤
ok 274 - 冇返結過 → 冇標籤
  ---
  duration_ms: 3.45
  type: 'test'
  ...
# Subtest: 返結一次 → 「已返結 ×1」
ok 275 - 返結一次 → 「已返結 ×1」
  ---
  duration_ms: 0.5289
  type: 'test'
  ...
# Subtest: 返結多次 → 次數照出
ok 276 - 返結多次 → 次數照出
  ---
  duration_ms: 0.695
  type: 'test'
  ...
# Subtest: 🔴 重結之後（settled）標籤仍然在 —— 審計痕跡唔可以隨重結抹走
ok 277 - 🔴 重結之後（settled）標籤仍然在 —— 審計痕跡唔可以隨重結抹走
  ---
  duration_ms: 0.4991
  type: 'test'
  ...
# Subtest: reopened 狀態但 reopenCount 缺失 → 唔出標籤（reopenCount 才係唯一真源）
ok 278 - reopened 狀態但 reopenCount 缺失 → 唔出標籤（reopenCount 才係唯一真源）
  ---
  duration_ms: 0.5455
  type: 'test'
  ...
# Subtest: 異常值（負數 / NaN）一律當冇返結
ok 279 - 異常值（負數 / NaN）一律當冇返結
  ---
  duration_ms: 0.5005
  type: 'test'
  ...
# (node:26344) [MODULE_TYPELESS_PACKAGE_JSON] Warning: Module type of file:///C:/dev/macauPos/macauPosSystem/src/lib/pos/residual-channel.test.ts is not specified and it doesn't parse as CommonJS.
# Reparsing as ES module because module syntax was detected. This incurs a performance overhead.
# To eliminate this warning, add "type": "module" to C:\\dev\\macauPos\\macauPosSystem\\package.json.
# (Use `node --trace-warnings ...` to show where the warning was created)
# Subtest: storeResidualState：線下已關 + 線上仍開 → residual
ok 280 - storeResidualState：線下已關 + 線上仍開 → residual
  ---
  duration_ms: 4.0436
  type: 'test'
  ...
# Subtest: storeResidualState：兩邊一致 → none
ok 281 - storeResidualState：兩邊一致 → none
  ---
  duration_ms: 0.7295
  type: 'test'
  ...
# Subtest: storeResidualState：線下仍然開（不論線上）→ none
ok 282 - storeResidualState：線下仍然開（不論線上）→ none
  ---
  duration_ms: 0.4367
  type: 'test'
  ...
# Subtest: storeResidualState：未讀到一律唔觸發（唔可以出假警報）
ok 283 - storeResidualState：未讀到一律唔觸發（唔可以出假警報）
  ---
  duration_ms: 0.4812
  type: 'test'
  ...
# Subtest: onlineResidualState：線上已關 + 線下仍開 → residual
ok 284 - onlineResidualState：線上已關 + 線下仍開 → residual
  ---
  duration_ms: 0.7424
  type: 'test'
  ...
# Subtest: onlineResidualState：兩邊一致 → none
ok 285 - onlineResidualState：兩邊一致 → none
  ---
  duration_ms: 0.4049
  type: 'test'
  ...
# Subtest: onlineResidualState：線上仍然開（不論線下）→ none
ok 286 - onlineResidualState：線上仍然開（不論線下）→ none
  ---
  duration_ms: 0.5879
  type: 'test'
  ...
# Subtest: onlineResidualState：未讀到一律唔觸發
ok 287 - onlineResidualState：未讀到一律唔觸發
  ---
  duration_ms: 5.9113
  type: 'test'
  ...
# Subtest: 兩個方向：永遠唔會同時為 residual（互相排斥）
ok 288 - 兩個方向：永遠唔會同時為 residual（互相排斥）
  ---
  duration_ms: 1.9726
  type: 'test'
  ...
# Subtest: 任何組合都唔會 throw（防禦式）
ok 289 - 任何組合都唔會 throw（防禦式）
  ---
  duration_ms: 3.7061
  type: 'test'
  ...
# (node:25832) [MODULE_TYPELESS_PACKAGE_JSON] Warning: Module type of file:///C:/dev/macauPos/macauPosSystem/src/lib/pos/resubscribe-guard.test.ts is not specified and it doesn't parse as CommonJS.
# Reparsing as ES module because module syntax was detected. This incurs a performance overhead.
# To eliminate this warning, add "type": "module" to C:\\dev\\macauPos\\macauPosSystem\\package.json.
# (Use `node --trace-warnings ...` to show where the warning was created)
# Subtest: shouldBackfillOnResubscribe — 應該拉嘅情況
    # Subtest: 前景 ＋ 冇 pending ＋ 隔足時間 → 拉
    ok 1 - 前景 ＋ 冇 pending ＋ 隔足時間 → 拉
      ---
      duration_ms: 3.3529
      type: 'test'
      ...
    # Subtest: 從未拉過（lastFullPullAt = 0）→ 拉（唔可以因為「冇紀錄」而永遠唔拉）
    ok 2 - 從未拉過（lastFullPullAt = 0）→ 拉（唔可以因為「冇紀錄」而永遠唔拉）
      ---
      duration_ms: 0.6193
      type: 'test'
      ...
    # Subtest: minGapMs = 0（關閉節流）→ 仍然係前景就拉
    ok 3 - minGapMs = 0（關閉節流）→ 仍然係前景就拉
      ---
      duration_ms: 0.6079
      type: 'test'
      ...
    1..3
ok 290 - shouldBackfillOnResubscribe — 應該拉嘅情況
  ---
  duration_ms: 11.5931
  type: 'suite'
  ...
# Subtest: shouldBackfillOnResubscribe — 唔應該拉嘅情況
    # Subtest: 🔴 分頁隱藏 → 唔拉（背景分頁循環嘅主閘）
    ok 1 - 🔴 分頁隱藏 → 唔拉（背景分頁循環嘅主閘）
      ---
      duration_ms: 1.2101
      type: 'test'
      ...
    # Subtest: 🔴 距上次拉取 < minGap → 唔拉
    ok 2 - 🔴 距上次拉取 < minGap → 唔拉
      ---
      duration_ms: 0.6564
      type: 'test'
      ...
    # Subtest: 剛好等於 minGap → 拉（邊界唔可以過度擋）
    ok 3 - 剛好等於 minGap → 拉（邊界唔可以過度擋）
      ---
      duration_ms: 0.6441
      type: 'test'
      ...
    # Subtest: 離線模式 → 唔拉（原本已有嘅條件，次序最先）
    ok 4 - 離線模式 → 唔拉（原本已有嘅條件，次序最先）
      ---
      duration_ms: 0.861
      type: 'test'
      ...
    # Subtest: 本機仲有 pending 事件 → 唔拉（避免覆蓋未上雲嘅新單）
    ok 5 - 本機仲有 pending 事件 → 唔拉（避免覆蓋未上雲嘅新單）
      ---
      duration_ms: 1.6434
      type: 'test'
      ...
    # Subtest: 隱藏 ＋ 太近 → 報 hidden（兩道閘都要存在）
    ok 6 - 隱藏 ＋ 太近 → 報 hidden（兩道閘都要存在）
      ---
      duration_ms: 1.3072
      type: 'test'
      ...
    1..6
ok 291 - shouldBackfillOnResubscribe — 唔應該拉嘅情況
  ---
  duration_ms: 17.8778
  type: 'suite'
  ...
# Subtest: 模擬真實 burst：背景分頁每 4.47 秒重連一次（實測值）
    # Subtest: 103 次重連（9 分鐘、每 4.47 秒）⇒ 守衛擋到 0 次拉取
    ok 1 - 103 次重連（9 分鐘、每 4.47 秒）⇒ 守衛擋到 0 次拉取
      ---
      duration_ms: 2.8665
      type: 'test'
      ...
    # Subtest: 同一情境但分頁在前景 → 只拉 1 次（每 30 秒上限，修前係 103 次）
    ok 2 - 同一情境但分頁在前景 → 只拉 1 次（每 30 秒上限，修前係 103 次）
      ---
      duration_ms: 1.1357
      type: 'test'
      ...
    # Subtest: 長時間斷線（隱藏 10 分鐘）→ 返前景即補一次
    ok 3 - 長時間斷線（隱藏 10 分鐘）→ 返前景即補一次
      ---
      duration_ms: 1.259
      type: 'test'
      ...
    1..3
ok 292 - 模擬真實 burst：背景分頁每 4.47 秒重連一次（實測值）
  ---
  duration_ms: 6.0191
  type: 'suite'
  ...
# (node:10368) [MODULE_TYPELESS_PACKAGE_JSON] Warning: Module type of file:///C:/dev/macauPos/macauPosSystem/src/lib/pos/scan-mode-from-login.test.ts is not specified and it doesn't parse as CommonJS.
# Reparsing as ES module because module syntax was detected. This incurs a performance overhead.
# To eliminate this warning, add "type": "module" to C:\\dev\\macauPos\\macauPosSystem\\package.json.
# (Use `node --trace-warnings ...` to show where the warning was created)
# Subtest: scanModeForLoginMode
    # Subtest: 快餐登入 → 店級 quick（全店一碼）
    ok 1 - 快餐登入 → 店級 quick（全店一碼）
      ---
      duration_ms: 3.3969
      type: 'test'
      ...
    # Subtest: 堂食登入 → 店級 dine_in（每枱一碼）
    ok 2 - 堂食登入 → 店級 dine_in（每枱一碼）
      ---
      duration_ms: 0.9159
      type: 'test'
      ...
    # Subtest: 自助點餐機 / 美容 / 後廚屏 / 出餐台屏登入 → null（唔可以改店級設定）
    ok 3 - 自助點餐機 / 美容 / 後廚屏 / 出餐台屏登入 → null（唔可以改店級設定）
      ---
      duration_ms: 1.4736
      type: 'test'
      ...
    # Subtest: 六個模式嘅回傳值兩兩唔同（冇漏 branch、冇 fallthrough）
    ok 4 - 六個模式嘅回傳值兩兩唔同（冇漏 branch、冇 fallthrough）
      ---
      duration_ms: 3.48
      type: 'test'
      ...
    1..4
ok 293 - scanModeForLoginMode
  ---
  duration_ms: 14.7565
  type: 'suite'
  ...
# (node:21432) [MODULE_TYPELESS_PACKAGE_JSON] Warning: Module type of file:///C:/dev/macauPos/macauPosSystem/src/lib/pos/scheduled-pickup.test.ts is not specified and it doesn't parse as CommonJS.
# Reparsing as ES module because module syntax was detected. This incurs a performance overhead.
# To eliminate this warning, add "type": "module" to C:\\dev\\macauPos\\macauPosSystem\\package.json.
# (Use `node --trace-warnings ...` to show where the warning was created)
# Subtest: 空 / 無效值一律唔當預約單
ok 294 - 空 / 無效值一律唔當預約單
  ---
  duration_ms: 11.7956
  type: 'test'
  ...
# Subtest: 有有效時間 → 係預約單，狀態係 scheduled
ok 295 - 有有效時間 → 係預約單，狀態係 scheduled
  ---
  duration_ms: 1.6083
  type: 'test'
  ...
# Subtest: 30 分鐘邊界：31 分鐘前 = scheduled，剛好 30 = soon，29 = soon
ok 296 - 30 分鐘邊界：31 分鐘前 = scheduled，剛好 30 = soon，29 = soon
  ---
  duration_ms: 1.4532
  type: 'test'
  ...
# Subtest: 剛好到點 ＝ 逾時（唔可以算『快到了』，否則永遠唔轉紅）
ok 297 - 剛好到點 ＝ 逾時（唔可以算『快到了』，否則永遠唔轉紅）
  ---
  duration_ms: 0.9189
  type: 'test'
  ...
# Subtest: 逾時：分鐘數為負、文字唔會出『已逾時 1 分鐘』以下嘅精確值
ok 298 - 逾時：分鐘數為負、文字唔會出『已逾時 1 分鐘』以下嘅精確值
  ---
  duration_ms: 0.7536
  type: 'test'
  ...
# Subtest: 配色：正常琥珀、快到深琥珀、逾時紅色
ok 299 - 配色：正常琥珀、快到深琥珀、逾時紅色
  ---
  duration_ms: 1.36
  type: 'test'
  ...
# Subtest: 接受 PosOrder（同一個 scheduledPickupAt 欄位形狀）
ok 300 - 接受 PosOrder（同一個 scheduledPickupAt 欄位形狀）
  ---
  duration_ms: 0.6286
  type: 'test'
  ...
# Subtest: 已完結單 → closed：唔會再標逾時（2026-09-14 商家實案）
ok 301 - 已完結單 → closed：唔會再標逾時（2026-09-14 商家實案）
  ---
  duration_ms: 0.6482
  type: 'test'
  ...
# Subtest: closed 唔會無中生有：冇有效預約時間仍然係 null
ok 302 - closed 唔會無中生有：冇有效預約時間仍然係 null
  ---
  duration_ms: 5.1044
  type: 'test'
  ...
# (node:12676) [MODULE_TYPELESS_PACKAGE_JSON] Warning: Module type of file:///C:/dev/macauPos/macauPosSystem/src/lib/pos/self-order-notice.test.ts is not specified and it doesn't parse as CommonJS.
# Reparsing as ES module because module syntax was detected. This incurs a performance overhead.
# To eliminate this warning, add "type": "module" to C:\\dev\\macauPos\\macauPosSystem\\package.json.
# (Use `node --trace-warnings ...` to show where the warning was created)
# Subtest: addSelfOrderNotice
    # Subtest: 新單 → 加入，並記住台號（需求 6 顯示用）
    ok 1 - 新單 → 加入，並記住台號（需求 6 顯示用）
      ---
      duration_ms: 3.4199
      type: 'test'
      ...
    # Subtest: 同一張單再 push（realtime 重送）→ 去重，回傳同一個 reference
    ok 2 - 同一張單再 push（realtime 重送）→ 去重，回傳同一個 reference
      ---
      duration_ms: 0.7661
      type: 'test'
      ...
    # Subtest: 5 張單 → 5 個獨立項目（需求 4）
    ok 3 - 5 張單 → 5 個獨立項目（需求 4）
      ---
      duration_ms: 4.7258
      type: 'test'
      ...
    # Subtest: 超過上限 → 丟最舊，保留最新（防右上角無限膨脹）
    ok 4 - 超過上限 → 丟最舊，保留最新（防右上角無限膨脹）
      ---
      duration_ms: 3.7961
      type: 'test'
      ...
    1..4
ok 303 - addSelfOrderNotice
  ---
  duration_ms: 17.1282
  type: 'suite'
  ...
# Subtest: dismissSelfOrderNotice
    # Subtest: 移除指定單，其他保留（向右滑 = 略過）
    ok 1 - 移除指定單，其他保留（向右滑 = 略過）
      ---
      duration_ms: 1.1994
      type: 'test'
      ...
    # Subtest: 揾唔到 → 回傳同一個 reference（唔產生多餘寫入）
    ok 2 - 揾唔到 → 回傳同一個 reference（唔產生多餘寫入）
      ---
      duration_ms: 1.0271
      type: 'test'
      ...
    1..2
ok 304 - dismissSelfOrderNotice
  ---
  duration_ms: 3.2804
  type: 'suite'
  ...
# Subtest: markSelfOrderNoticeSettled
    # Subtest: 標記已結帳，但**唔會**移除（需求 5：訊息要留住畀用戶睇）
    ok 1 - 標記已結帳，但**唔會**移除（需求 5：訊息要留住畀用戶睇）
      ---
      duration_ms: 3.9239
      type: 'test'
      ...
    # Subtest: 重複標記唔會覆寫原本時間
    ok 2 - 重複標記唔會覆寫原本時間
      ---
      duration_ms: 0.8336
      type: 'test'
      ...
    # Subtest: 只影響目標單
    ok 3 - 只影響目標單
      ---
      duration_ms: 0.9008
      type: 'test'
      ...
    1..3
ok 305 - markSelfOrderNoticeSettled
  ---
  duration_ms: 7.5772
  type: 'suite'
  ...
# Subtest: toSelfOrderNoticeItems
    # Subtest: 未結單 → settled=false（顯示「A02 已下單 / 請查看」）
    ok 1 - 未結單 → settled=false（顯示「A02 已下單 / 請查看」）
      ---
      duration_ms: 1.5964
      type: 'test'
      ...
    # Subtest: 訂單已結帳（收銀另一部機埋咗單）→ settled=true，即使提示未標記過
    ok 2 - 訂單已結帳（收銀另一部機埋咗單）→ settled=true，即使提示未標記過
      ---
      duration_ms: 0.4283
      type: 'test'
      ...
    # Subtest: 訂單已經唔存在（另一部機刪咗 / 本地清咗）→ 一律當已結帳
    ok 3 - 訂單已經唔存在（另一部機刪咗 / 本地清咗）→ 一律當已結帳
      ---
      duration_ms: 0.3622
      type: 'test'
      ...
    # Subtest: 台名優先讀訂單即時值（枱名改過都跟得好），冇單先用提示記住嗰個
    ok 4 - 台名優先讀訂單即時值（枱名改過都跟得好），冇單先用提示記住嗰個
      ---
      duration_ms: 0.398
      type: 'test'
      ...
    # Subtest: 冇枱（counter）→ 顯示**單號**（唔係台名，唔係「自取」）
    ok 5 - 冇枱（counter）→ 顯示**單號**（唔係台名，唔係「自取」）
      ---
      duration_ms: 0.651
      type: 'test'
      ...
    # Subtest: counter 訂單但未讀到單號 → fallback 落提示記住嗰個（唔會顯示 undefined）
    ok 6 - counter 訂單但未讀到單號 → fallback 落提示記住嗰個（唔會顯示 undefined）
      ---
      duration_ms: 0.3969
      type: 'test'
      ...
    1..6
ok 306 - toSelfOrderNoticeItems
  ---
  duration_ms: 4.5473
  type: 'suite'
  ...
# (node:5000) [MODULE_TYPELESS_PACKAGE_JSON] Warning: Module type of file:///C:/dev/macauPos/macauPosSystem/src/lib/pos/session-key.test.ts is not specified and it doesn't parse as CommonJS.
# Reparsing as ES module because module syntax was detected. This incurs a performance overhead.
# To eliminate this warning, add "type": "module" to C:\\dev\\macauPos\\macauPosSystem\\package.json.
# (Use `node --trace-warnings ...` to show where the warning was created)
# Subtest: 工作階段識別碼
    # Subtest: 產生嘅係 URL-safe（符合 server 端 header 白名單）
    ok 1 - 產生嘅係 URL-safe（符合 server 端 header 白名單）
      ---
      duration_ms: 38.4187
      type: 'test'
      ...
    # Subtest: 兩次產生唔同（唔可以係常數）
    ok 2 - 兩次產生唔同（唔可以係常數）
      ---
      duration_ms: 0.5741
      type: 'test'
      ...
    # Subtest: 同一個 process 內重複讀回同一個值（sessionStorage 唔可用時靠模組記憶）
    ok 3 - 同一個 process 內重複讀回同一個值（sessionStorage 唔可用時靠模組記憶）
      ---
      duration_ms: 1.3279
      type: 'test'
      ...
    # Subtest: 🔴 rotate 一定換新值（重新登入＝新工作階段，唔可以沿用被撤銷嘅 row）
    ok 4 - 🔴 rotate 一定換新值（重新登入＝新工作階段，唔可以沿用被撤銷嘅 row）
      ---
      duration_ms: 68.8554
      type: 'test'
      ...
    # Subtest: reset 之後會再產生一個新值
    ok 5 - reset 之後會再產生一個新值
      ---
      duration_ms: 0.5736
      type: 'test'
      ...
    # Subtest: 冇 sessionStorage／crypto 都唔會 throw（Node 環境直接跑）
    ok 6 - 冇 sessionStorage／crypto 都唔會 throw（Node 環境直接跑）
      ---
      duration_ms: 4.1249
      type: 'test'
      ...
    # Subtest: storage 鍵名穩定（改咗會令舊分頁嘅 key 對唔上）
    ok 7 - storage 鍵名穩定（改咗會令舊分頁嘅 key 對唔上）
      ---
      duration_ms: 0.4844
      type: 'test'
      ...
    1..7
ok 307 - 工作階段識別碼
  ---
  duration_ms: 122.0323
  type: 'suite'
  ...
# (node:11280) [MODULE_TYPELESS_PACKAGE_JSON] Warning: Module type of file:///C:/dev/macauPos/macauPosSystem/src/lib/pos/session-record.test.ts is not specified and it doesn't parse as CommonJS.
# Reparsing as ES module because module syntax was detected. This incurs a performance overhead.
# To eliminate this warning, add "type": "module" to C:\\dev\\macauPos\\macauPosSystem\\package.json.
# (Use `node --trace-warnings ...` to show where the warning was created)
# Subtest: 門檻 ── 唔可以短過輪詢閘上限（否則全店誤標離線）
    # Subtest: 使用中門檻 ≥ 輪詢閘最長間隔 + 1 分鐘餘量
    ok 1 - 使用中門檻 ≥ 輪詢閘最長間隔 + 1 分鐘餘量
      ---
      duration_ms: 2.9676
      type: 'test'
      ...
    # Subtest: 離線門檻 > 使用中門檻（兩者唔可以撈埋）
    ok 2 - 離線門檻 > 使用中門檻（兩者唔可以撈埋）
      ---
      duration_ms: 0.5325
      type: 'test'
      ...
    # Subtest: 待機恢復（idle）門檻（5 分鐘）唔會短過使用中門檻
    ok 3 - 待機恢復（idle）門檻（5 分鐘）唔會短過使用中門檻
      ---
      duration_ms: 0.4492
      type: 'test'
      ...
    # Subtest: POST 續期節流短過 GET 續期節流（寫入較頻繁，寫入時順手續期最抵）
    ok 4 - POST 續期節流短過 GET 續期節流（寫入較頻繁，寫入時順手續期最抵）
      ---
      duration_ms: 0.4196
      type: 'test'
      ...
    # Subtest: 保留日數合理（> 0 且唔超過一年）
    ok 5 - 保留日數合理（> 0 且唔超過一年）
      ---
      duration_ms: 0.4268
      type: 'test'
      ...
    # Subtest: 閒置門檻（5 分鐘）同本模組嘅使用中門檻一致方向
    ok 6 - 閒置門檻（5 分鐘）同本模組嘅使用中門檻一致方向
      ---
      duration_ms: 0.3988
      type: 'test'
      ...
    1..6
ok 308 - 門檻 ── 唔可以短過輪詢閘上限（否則全店誤標離線）
  ---
  duration_ms: 9.7044
  type: 'suite'
  ...
# Subtest: classifyPosSession ── 四態邊界
    # Subtest: 30 秒前上報 → 使用中
    ok 1 - 30 秒前上報 → 使用中
      ---
      duration_ms: 1.938
      type: 'test'
      ...
    # Subtest: 啱啱好 6 分鐘 → 仍然當使用中（邊界包含）
    ok 2 - 啱啱好 6 分鐘 → 仍然當使用中（邊界包含）
      ---
      duration_ms: 1.1865
      type: 'test'
      ...
    # Subtest: 6 分鐘零 1 毫秒 → 閒置
    ok 3 - 6 分鐘零 1 毫秒 → 閒置
      ---
      duration_ms: 2.5072
      type: 'test'
      ...
    # Subtest: 啱啱好 30 分鐘 → 仍然當閒置
    ok 4 - 啱啱好 30 分鐘 → 仍然當閒置
      ---
      duration_ms: 1.332
      type: 'test'
      ...
    # Subtest: 30 分鐘零 1 毫秒 → 已離線
    ok 5 - 30 分鐘零 1 毫秒 → 已離線
      ---
      duration_ms: 0.9237
      type: 'test'
      ...
    # Subtest: 已強制關閉**蓋過**使用中（即係啱啱仲有上報都算已關閉）
    ok 6 - 已強制關閉**蓋過**使用中（即係啱啱仲有上報都算已關閉）
      ---
      duration_ms: 0.5667
      type: 'test'
      ...
    # Subtest: last_seen_at 讀唔到 → 當已離線（唯一安全方向）
    ok 7 - last_seen_at 讀唔到 → 當已離線（唯一安全方向）
      ---
      duration_ms: 0.3936
      type: 'test'
      ...
    # Subtest: 狀態講人話
    ok 8 - 狀態講人話
      ---
      duration_ms: 0.3903
      type: 'test'
      ...
    1..8
ok 309 - classifyPosSession ── 四態邊界
  ---
  duration_ms: 11.2908
  type: 'suite'
  ...
# Subtest: 清洗 header 值
    # Subtest: 正常 key 通過
    ok 1 - 正常 key 通過
      ---
      duration_ms: 0.892
      type: 'test'
      ...
    # Subtest: 空白／太長／怪字元一律拒（防止塞大字串入 DB primary key）
    ok 2 - 空白／太長／怪字元一律拒（防止塞大字串入 DB primary key）
      ---
      duration_ms: 0.5184
      type: 'test'
      ...
    # Subtest: build id：正常通過；含中文／太長 → null
    ok 3 - build id：正常通過；含中文／太長 → null
      ---
      duration_ms: 0.6892
      type: 'test'
      ...
    # Subtest: 合成 id
    ok 4 - 合成 id
      ---
      duration_ms: 0.3452
      type: 'test'
      ...
    1..4
ok 310 - 清洗 header 值
  ---
  duration_ms: 6.1625
  type: 'suite'
  ...
# Subtest: isSessionBehind ── 任一未知 → 唔可以當落後
    # Subtest: 同版本 → false
    ok 1 - 同版本 → false
      ---
      duration_ms: 0.6744
      type: 'test'
      ...
    # Subtest: 唔同版本 → true
    ok 2 - 唔同版本 → true
      ---
      duration_ms: 0.3711
      type: 'test'
      ...
    # Subtest: 舊 client 冇傳 build id → false（唔可以一晚之間全部標紅）
    ok 3 - 舊 client 冇傳 build id → false（唔可以一晚之間全部標紅）
      ---
      duration_ms: 0.3457
      type: 'test'
      ...
    # Subtest: server 未知版本 → false
    ok 4 - server 未知版本 → false
      ---
      duration_ms: 0.3466
      type: 'test'
      ...
    # Subtest: 本機開發（dev）→ false（唔應該嘈）
    ok 5 - 本機開發（dev）→ false（唔應該嘈）
      ---
      duration_ms: 0.8524
      type: 'test'
      ...
    1..5
ok 311 - isSessionBehind ── 任一未知 → 唔可以當落後
  ---
  duration_ms: 3.1941
  type: 'suite'
  ...
# Subtest: shouldTouchSession ── 續期節流
    # Subtest: 未夠節流時間 → 唔續（省 DB 寫入）
    ok 1 - 未夠節流時間 → 唔續（省 DB 寫入）
      ---
      duration_ms: 0.6463
      type: 'test'
      ...
    # Subtest: 夠節流時間 → 續
    ok 2 - 夠節流時間 → 續
      ---
      duration_ms: 0.4188
      type: 'test'
      ...
    # Subtest: row 唔存在（null）→ **唔**喺度建立（GET 唔創造狀態）
    ok 3 - row 唔存在（null）→ **唔**喺度建立（GET 唔創造狀態）
      ---
      duration_ms: 0.3618
      type: 'test'
      ...
    1..3
ok 312 - shouldTouchSession ── 續期節流
  ---
  duration_ms: 2.162
  type: 'suite'
  ...
# Subtest: 相對時間 / 時長（確定性輸出，唔用 toLocaleString）
    # Subtest: describeAgo
    ok 1 - describeAgo
      ---
      duration_ms: 0.7563
      type: 'test'
      ...
    # Subtest: describeOpenDuration（超過 24 小時照用「小時」，唔換成「日」）
    ok 2 - describeOpenDuration（超過 24 小時照用「小時」，唔換成「日」）
      ---
      duration_ms: 0.7549
      type: 'test'
      ...
    1..2
ok 313 - 相對時間 / 時長（確定性輸出，唔用 toLocaleString）
  ---
  duration_ms: 1.9801
  type: 'suite'
  ...
# Subtest: comparePosSessions ── 最需要處理嘅排最前
    # Subtest: 狀態先行：使用中 → 閒置 → 已離線 → 已強制關閉
    ok 1 - 狀態先行：使用中 → 閒置 → 已離線 → 已強制關閉
      ---
      duration_ms: 4.0329
      type: 'test'
      ...
    # Subtest: 同狀態 → 開啟較久優先
    ok 2 - 同狀態 → 開啟較久優先
      ---
      duration_ms: 0.6542
      type: 'test'
      ...
    1..2
ok 314 - comparePosSessions ── 最需要處理嘅排最前
  ---
  duration_ms: 5.0539
  type: 'suite'
  ...
# Subtest: groupPosSessions ── 多開店家優先
    # Subtest: 多開店家排前；同為多開則最舊開啟時間排前
    ok 1 - 多開店家排前；同為多開則最舊開啟時間排前
      ---
      duration_ms: 1.3181
      type: 'test'
      ...
    # Subtest: 多開旗標同落後數量
    ok 2 - 多開旗標同落後數量
      ---
      duration_ms: 0.7237
      type: 'test'
      ...
    # Subtest: 組內排序：使用中（較舊開啟先）→ 已離線
    ok 3 - 組內排序：使用中（較舊開啟先）→ 已離線
      ---
      duration_ms: 1.0168
      type: 'test'
      ...
    1..3
ok 315 - groupPosSessions ── 多開店家優先
  ---
  duration_ms: 3.6448
  type: 'suite'
  ...
# Subtest: summarizePosSessions ── admin KPI
    # Subtest: 數齊 5 格
    ok 1 - 數齊 5 格
      ---
      duration_ms: 1.3657
      type: 'test'
      ...
    # Subtest: 空清單唔會爆，回 0 / null
    ok 2 - 空清單唔會爆，回 0 / null
      ---
      duration_ms: 0.5986
      type: 'test'
      ...
    1..2
ok 316 - summarizePosSessions ── admin KPI
  ---
  duration_ms: 3.335
  type: 'suite'
  ...
# Subtest: canClearPosSession ── 唔准清仲活躍嘅
    # Subtest: 使用中 → 唔准清
    ok 1 - 使用中 → 唔准清
      ---
      duration_ms: 1.0129
      type: 'test'
      ...
    # Subtest: 閒置（6~30 分鐘）→ 唔准清
    ok 2 - 閒置（6~30 分鐘）→ 唔准清
      ---
      duration_ms: 1.017
      type: 'test'
      ...
    # Subtest: 已離線 → 准清
    ok 3 - 已離線 → 准清
      ---
      duration_ms: 0.5132
      type: 'test'
      ...
    # Subtest: 已強制關閉 → 准清
    ok 4 - 已強制關閉 → 准清
      ---
      duration_ms: 0.967
      type: 'test'
      ...
    1..4
ok 317 - canClearPosSession ── 唔准清仲活躍嘅
  ---
  duration_ms: 4.446
  type: 'suite'
  ...
# Subtest: blockedEventTypesForRevokedSession ── 只擋新生意
    # Subtest: 建單／加菜被擋
    ok 1 - 建單／加菜被擋
      ---
      duration_ms: 1.0415
      type: 'test'
      ...
    # Subtest: 🔴 結帳／退款／刪單／打印一律放行（客人走唔到更嚴重）
    ok 2 - 🔴 結帳／退款／刪單／打印一律放行（客人走唔到更嚴重）
      ---
      duration_ms: 0.3289
      type: 'test'
      ...
    # Subtest: 混合同一批：只回被擋嘅種類，而且去重
    ok 3 - 混合同一批：只回被擋嘅種類，而且去重
      ---
      duration_ms: 0.3178
      type: 'test'
      ...
    1..3
ok 318 - blockedEventTypesForRevokedSession ── 只擋新生意
  ---
  duration_ms: 2.0952
  type: 'suite'
  ...
# (node:13160) [MODULE_TYPELESS_PACKAGE_JSON] Warning: Module type of file:///C:/dev/macauPos/macauPosSystem/src/lib/pos/session-revoked.test.ts is not specified and it doesn't parse as CommonJS.
# Reparsing as ES module because module syntax was detected. This incurs a performance overhead.
# To eliminate this warning, add "type": "module" to C:\\dev\\macauPos\\macauPosSystem\\package.json.
# (Use `node --trace-warnings ...` to show where the warning was created)
# Subtest: 撤銷旗標
    # Subtest: 初始係 false
    ok 1 - 初始係 false
      ---
      duration_ms: 3.9374
      type: 'test'
      ...
    # Subtest: 標記之後係 true，並記住原因
    ok 2 - 標記之後係 true，並記住原因
      ---
      duration_ms: 0.6806
      type: 'test'
      ...
    # Subtest: 冇原因都算已關閉（原因係選填）
    ok 3 - 冇原因都算已關閉（原因係選填）
      ---
      duration_ms: 0.5049
      type: 'test'
      ...
    # Subtest: 重新登入之後清得返（唔會一路顯示橫幅）
    ok 4 - 重新登入之後清得返（唔會一路顯示橫幅）
      ---
      duration_ms: 0.8263
      type: 'test'
      ...
    # Subtest: 訂閱者收到通知；同值重複標記唔會再嘈
    ok 5 - 訂閱者收到通知；同值重複標記唔會再嘈
      ---
      duration_ms: 0.7274
      type: 'test'
      ...
    1..5
ok 319 - 撤銷旗標
  ---
  duration_ms: 13.2482
  type: 'suite'
  ...
# (node:20844) [MODULE_TYPELESS_PACKAGE_JSON] Warning: Module type of file:///C:/dev/macauPos/macauPosSystem/src/lib/pos/settle-target.test.ts is not specified and it doesn't parse as CommonJS.
# Reparsing as ES module because module syntax was detected. This incurs a performance overhead.
# To eliminate this warning, add "type": "module" to C:\\dev\\macauPos\\macauPosSystem\\package.json.
# (Use `node --trace-warnings ...` to show where the warning was created)
# Subtest: resolveSettleTargetOrder：明確指定
    # Subtest: 有指定 id → 用嗰張（即使係另一張枱，屬線上面板正常流程）
    ok 1 - 有指定 id → 用嗰張（即使係另一張枱，屬線上面板正常流程）
      ---
      duration_ms: 3.7849
      type: 'test'
      ...
    # Subtest: 指定 id 已經唔存在 → 落下面幾層（唔可以 null 就走數）
    ok 2 - 指定 id 已經唔存在 → 落下面幾層（唔可以 null 就走數）
      ---
      duration_ms: 0.8966
      type: 'test'
      ...
    1..2
ok 320 - resolveSettleTargetOrder：明確指定
  ---
  duration_ms: 13.3564
  type: 'suite'
  ...
# Subtest: resolveSettleTargetOrder：永不跨枱
    # Subtest: 🔴 當前枱冇可結帳單 → null，唔准揀另一張枱（實案 regression）
    ok 1 - 🔴 當前枱冇可結帳單 → null，唔准揀另一張枱（實案 regression）
      ---
      duration_ms: 8.9295
      type: 'test'
      ...
    # Subtest: 當前枱冇任何單（空枱）＋ 全店有其他可結帳單 → 仍然 null
    ok 2 - 當前枱冇任何單（空枱）＋ 全店有其他可結帳單 → 仍然 null
      ---
      duration_ms: 1.048
      type: 'test'
      ...
    # Subtest: 同一枱多張單 → 揀最新嗰張（快餐 counter 可並存 / 掃碼單 + 本地單）
    ok 3 - 同一枱多張單 → 揀最新嗰張（快餐 counter 可並存 / 掃碼單 + 本地單）
      ---
      duration_ms: 0.9832
      type: 'test'
      ...
    # Subtest: activeTableId 冇帶 → 只有工作台層可以命中
    ok 4 - activeTableId 冇帶 → 只有工作台層可以命中
      ---
      duration_ms: 0.7009
      type: 'test'
      ...
    1..4
ok 321 - resolveSettleTargetOrder：永不跨枱
  ---
  duration_ms: 14.4304
  type: 'suite'
  ...
# Subtest: resolveSettleTargetOrder：已收款堂食單（paid ＋ 真枱）
    # Subtest: 🔴 掃碼已付單（冇 onlineOrderId）→ 可結帳（實案：舊判準唔認 → 彈「沒有待結帳訂單」）
    ok 1 - 🔴 掃碼已付單（冇 onlineOrderId）→ 可結帳（實案：舊判準唔認 → 彈「沒有待結帳訂單」）
      ---
      duration_ms: 1.2387
      type: 'test'
      ...
    # Subtest: 快餐 counter 已付單唔會經呢條路
    ok 2 - 快餐 counter 已付單唔會經呢條路
      ---
      duration_ms: 2.2645
      type: 'test'
      ...
    1..2
ok 322 - resolveSettleTargetOrder：已收款堂食單（paid ＋ 真枱）
  ---
  duration_ms: 5.1522
  type: 'suite'
  ...
# Subtest: resolveSettleTargetOrder：工作台層
    # Subtest: activeOrder 唔可結帳（已結帳 deep-link）但 workspaceOrder 可結帳 → 用 workspaceOrder
    ok 1 - activeOrder 唔可結帳（已結帳 deep-link）但 workspaceOrder 可結帳 → 用 workspaceOrder
      ---
      duration_ms: 1.633
      type: 'test'
      ...
    # Subtest: 工作台單本身已結帳 → 唔會用（避免雙重結帳）
    ok 2 - 工作台單本身已結帳 → 唔會用（避免雙重結帳）
      ---
      duration_ms: 1.7129
      type: 'test'
      ...
    1..2
ok 323 - resolveSettleTargetOrder：工作台層
  ---
  duration_ms: 4.1159
  type: 'suite'
  ...
# (node:25184) [MODULE_TYPELESS_PACKAGE_JSON] Warning: Module type of file:///C:/dev/macauPos/macauPosSystem/src/lib/pos/single-flight.test.ts is not specified and it doesn't parse as CommonJS.
# Reparsing as ES module because module syntax was detected. This incurs a performance overhead.
# To eliminate this warning, add "type": "module" to C:\\dev\\macauPos\\macauPosSystem\\package.json.
# (Use `node --trace-warnings ...` to show where the warning was created)
# Subtest: createSingleFlight — 同 key 同時呼叫只做一次
    # Subtest: 🔴 5 個同時呼叫（同 key）→ task 只跑 1 次，而且要回同一個 promise
    ok 1 - 🔴 5 個同時呼叫（同 key）→ task 只跑 1 次，而且要回同一個 promise
      ---
      duration_ms: 23.3173
      type: 'test'
      ...
    # Subtest: 同一個 key 但**唔同時**（前一個已完成）→ 會再跑（唔會永久快取）
    ok 2 - 同一個 key 但**唔同時**（前一個已完成）→ 會再跑（唔會永久快取）
      ---
      duration_ms: 8.2392
      type: 'test'
      ...
    1..2
ok 324 - createSingleFlight — 同 key 同時呼叫只做一次
  ---
  duration_ms: 39.206
  type: 'suite'
  ...
# Subtest: createSingleFlight — 跨店唔可以共用（死穴①）
    # Subtest: 🔴 兩個 key 同時呼叫 → 各自跑一次，唔會互相污染
    ok 1 - 🔴 兩個 key 同時呼叫 → 各自跑一次，唔會互相污染
      ---
      duration_ms: 16.6442
      type: 'test'
      ...
    # Subtest: 🔴 key 唔匹配就開新 flight（切店場景）
    ok 2 - 🔴 key 唔匹配就開新 flight（切店場景）
      ---
      duration_ms: 18.5961
      type: 'test'
      ...
    1..2
ok 325 - createSingleFlight — 跨店唔可以共用（死穴①）
  ---
  duration_ms: 36.352
  type: 'suite'
  ...
# Subtest: createSingleFlight — 失敗要清（死穴②）
    # Subtest: 🔴 task reject 之後，下一次呼叫要可以再跑（唔可以永遠拿同一個失敗）
    ok 1 - 🔴 task reject 之後，下一次呼叫要可以再跑（唔可以永遠拿同一個失敗）
      ---
      duration_ms: 10.4875
      type: 'test'
      ...
    # Subtest: 同一刻多個呼叫一齊失敗 → 只跑一次 task，但全部都收到錯誤
    ok 2 - 同一刻多個呼叫一齊失敗 → 只跑一次 task，但全部都收到錯誤
      ---
      duration_ms: 17.3589
      type: 'test'
      ...
    # Subtest: task 同步 throw 唔會留低毒 flight
    ok 3 - task 同步 throw 唔會留低毒 flight
      ---
      duration_ms: 4.8517
      type: 'test'
      ...
    1..3
ok 326 - createSingleFlight — 失敗要清（死穴②）
  ---
  duration_ms: 34.535
  type: 'suite'
  ...
# Subtest: createSingleFlight — inflight 生命週期
    # Subtest: 完成之後 probe 見到冇 in-flight（證明唔係永久快取）
    ok 1 - 完成之後 probe 見到冇 in-flight（證明唔係永久快取）
      ---
      duration_ms: 13.1071
      type: 'test'
      ...
    # Subtest: 🔴 慢 flight 完成時唔可以清走後來者嘅 flight
    ok 2 - 🔴 慢 flight 完成時唔可以清走後來者嘅 flight
      ---
      duration_ms: 37.7027
      type: 'test'
      ...
    # Subtest: 合併之後嘅 promise 身分一致（真・共用，唔係各自包一層）
    ok 3 - 合併之後嘅 promise 身分一致（真・共用，唔係各自包一層）
      ---
      duration_ms: 1.6461
      type: 'test'
      ...
    1..3
ok 327 - createSingleFlight — inflight 生命週期
  ---
  duration_ms: 53.764
  type: 'suite'
  ...
# (node:2204) [MODULE_TYPELESS_PACKAGE_JSON] Warning: Module type of file:///C:/dev/macauPos/macauPosSystem/src/lib/pos/state-sync-watermark.test.ts is not specified and it doesn't parse as CommonJS.
# Reparsing as ES module because module syntax was detected. This incurs a performance overhead.
# To eliminate this warning, add "type": "module" to C:\\dev\\macauPos\\macauPosSystem\\package.json.
# (Use `node --trace-warnings ...` to show where the warning was created)
# Subtest: 增量同步水位 ── 幾時可以傳 since
    # Subtest: 有新鮮水位 ＋ 本機有資料 → 傳 since（回帶安全邊際）
    ok 1 - 有新鮮水位 ＋ 本機有資料 → 傳 since（回帶安全邊際）
      ---
      duration_ms: 8.6635
      type: 'test'
      ...
    # Subtest: 🔴 本機完全冇資料（空機 / 清過 cache）→ 一定要全量
    ok 2 - 🔴 本機完全冇資料（空機 / 清過 cache）→ 一定要全量
      ---
      duration_ms: 0.5165
      type: 'test'
      ...
    # Subtest: 🔴 冇水位（第一次用）→ 全量
    ok 3 - 🔴 冇水位（第一次用）→ 全量
      ---
      duration_ms: 0.553
      type: 'test'
      ...
    # Subtest: 🔴 水位解析唔到（被改壞 / 舊格式）→ 全量
    ok 4 - 🔴 水位解析唔到（被改壞 / 舊格式）→ 全量
      ---
      duration_ms: 0.4058
      type: 'test'
      ...
    # Subtest: 🔴 水位太舊（> 6 小時）→ 全量（否則會撞穿 limit 而靜默漏單）
    ok 5 - 🔴 水位太舊（> 6 小時）→ 全量（否則會撞穿 limit 而靜默漏單）
      ---
      duration_ms: 0.8904
      type: 'test'
      ...
    # Subtest: 水位剛好喺 6 小時界線 → 仍然可以用增量（唔可以提早退化）
    ok 6 - 水位剛好喺 6 小時界線 → 仍然可以用增量（唔可以提早退化）
      ---
      duration_ms: 3.1115
      type: 'test'
      ...
    # Subtest: 🔴 水位喺未來（時鐘回撥 / 被人改大）→ 全量
    ok 7 - 🔴 水位喺未來（時鐘回撥 / 被人改大）→ 全量
      ---
      duration_ms: 0.7667
      type: 'test'
      ...
    # Subtest: forceFull（手動「更新」／修復）→ 一定全量，就算水位新鮮
    ok 8 - forceFull（手動「更新」／修復）→ 一定全量，就算水位新鮮
      ---
      duration_ms: 2.1694
      type: 'test'
      ...
    # Subtest: 任何一個例外情況都一定 fullPull=true（唔可以出現「半增量」）
    ok 9 - 任何一個例外情況都一定 fullPull=true（唔可以出現「半增量」）
      ---
      duration_ms: 1.2697
      type: 'test'
      ...
    1..9
ok 328 - 增量同步水位 ── 幾時可以傳 since
  ---
  duration_ms: 26.2368
  type: 'suite'
  ...
# Subtest: 增量同步水位 ── 新水位同截斷
    # Subtest: 新水位 ＝ 請求開始時間（唔係回應時間）
    ok 1 - 新水位 ＝ 請求開始時間（唔係回應時間）
      ---
      duration_ms: 1.2955
      type: 'test'
      ...
    # Subtest: 非法輸入唔會爆，會回一個合法 ISO
    ok 2 - 非法輸入唔會爆，會回一個合法 ISO
      ---
      duration_ms: 0.3994
      type: 'test'
      ...
    # Subtest: 🔴 增量結果撞到 limit ＝ 有嘢未拉到 ⇒ 要清水位（下次走全量）
    ok 3 - 🔴 增量結果撞到 limit ＝ 有嘢未拉到 ⇒ 要清水位（下次走全量）
      ---
      duration_ms: 0.393
      type: 'test'
      ...
    1..3
ok 329 - 增量同步水位 ── 新水位同截斷
  ---
  duration_ms: 3.0538
  type: 'suite'
  ...
# (node:20732) [MODULE_TYPELESS_PACKAGE_JSON] Warning: Module type of file:///C:/dev/macauPos/macauPosSystem/src/lib/pos/store-status.test.ts is not specified and it doesn't parse as CommonJS.
# Reparsing as ES module because module syntax was detected. This incurs a performance overhead.
# To eliminate this warning, add "type": "module" to C:\\dev\\macauPos\\macauPosSystem\\package.json.
# (Use `node --trace-warnings ...` to show where the warning was created)
# Subtest: DEFAULT_STORE_OPEN 一定要係 true（唔可以改成 false）
ok 330 - DEFAULT_STORE_OPEN 一定要係 true（唔可以改成 false）
  ---
  duration_ms: 46.4147
  type: 'test'
  ...
# Subtest: normalizeStoreOpen：真 boolean 原樣通過
ok 331 - normalizeStoreOpen：真 boolean 原樣通過
  ---
  duration_ms: 0.9222
  type: 'test'
  ...
# Subtest: normalizeStoreOpen：型別唔啱一律 fallback（唔會把 "false" 當 true/false）
ok 332 - normalizeStoreOpen：型別唔啱一律 fallback（唔會把 "false" 當 true/false）
  ---
  duration_ms: 0.5848
  type: 'test'
  ...
# Subtest: normalizeStoreOpen：可以自訂 fallback
ok 333 - normalizeStoreOpen：可以自訂 fallback
  ---
  duration_ms: 0.616
  type: 'test'
  ...
# Subtest: readStoreOpenFromPayload：server 明確回已暫停
ok 334 - readStoreOpenFromPayload：server 明確回已暫停
  ---
  duration_ms: 1.2159
  type: 'test'
  ...
# Subtest: readStoreOpenFromPayload：server 明確回營業中（未設定過 row 嘅 default）
ok 335 - readStoreOpenFromPayload：server 明確回營業中（未設定過 row 嘅 default）
  ---
  duration_ms: 0.5235
  type: 'test'
  ...
# Subtest: readStoreOpenFromPayload：ok:false（查詢失敗）→ fallback 且 fromServer:false
ok 336 - readStoreOpenFromPayload：ok:false（查詢失敗）→ fallback 且 fromServer:false
  ---
  duration_ms: 0.6734
  type: 'test'
  ...
# Subtest: readStoreOpenFromPayload：缺 isOpen 欄（migration 未跑 / fallback 回應）→ 唔算 server 值
ok 337 - readStoreOpenFromPayload：缺 isOpen 欄（migration 未跑 / fallback 回應）→ 唔算 server 值
  ---
  duration_ms: 0.4817
  type: 'test'
  ...
# Subtest: readStoreOpenFromPayload：非 boolean 嘅 isOpen 唔可信
ok 338 - readStoreOpenFromPayload：非 boolean 嘅 isOpen 唔可信
  ---
  duration_ms: 3.7391
  type: 'test'
  ...
# Subtest: readStoreOpenFromPayload：非物件（null / 字串 / 陣列）一律 fallback
ok 339 - readStoreOpenFromPayload：非物件（null / 字串 / 陣列）一律 fallback
  ---
  duration_ms: 4.4518
  type: 'test'
  ...
# Subtest: readStoreOpenFromPayload：updatedAt 唔係字串就當 null
ok 340 - readStoreOpenFromPayload：updatedAt 唔係字串就當 null
  ---
  duration_ms: 0.7897
  type: 'test'
  ...
# (node:2936) [MODULE_TYPELESS_PACKAGE_JSON] Warning: Module type of file:///C:/dev/macauPos/macauPosSystem/src/lib/pos/sync-order-payload.test.ts is not specified and it doesn't parse as CommonJS.
# Reparsing as ES module because module syntax was detected. This incurs a performance overhead.
# To eliminate this warning, add "type": "module" to C:\\dev\\macauPos\\macauPosSystem\\package.json.
# (Use `node --trace-warnings ...` to show where the warning was created)
# Subtest: unwrapOrderEventPayload
    # Subtest: 1. 裸 order（kiosk / 掃碼 / 收銀台落單）→ 回 payload 本身
    ok 1 - 1. 裸 order（kiosk / 掃碼 / 收銀台落單）→ 回 payload 本身
      ---
      duration_ms: 3.8428
      type: 'test'
      ...
    # Subtest: 2. `{ order, addedItems }`（收銀台加單）→ 回 .order
    ok 2 - 2. `{ order, addedItems }`（收銀台加單）→ 回 .order
      ---
      duration_ms: 0.8194
      type: 'test'
      ...
    # Subtest: 3. `{ order }` ＋ type=ORDER_CREATED（線上單橋接）→ 一定要回 .order（迴歸）
    ok 3 - 3. `{ order }` ＋ type=ORDER_CREATED（線上單橋接）→ 一定要回 .order（迴歸）
      ---
      duration_ms: 0.6784
      type: 'test'
      ...
    # Subtest: 4. `.order` 唔係 plain object（null / 陣列 / 字串）→ 唔當 nested，回 payload 本身
    ok 4 - 4. `.order` 唔係 plain object（null / 陣列 / 字串）→ 唔當 nested，回 payload 本身
      ---
      duration_ms: 1.0019
      type: 'test'
      ...
    # Subtest: 5. 空 / 非 object payload → 回 {}（route 會判缺 id → 400，行為不變）
    ok 5 - 5. 空 / 非 object payload → 回 {}（route 會判缺 id → 400，行為不變）
      ---
      duration_ms: 2.5323
      type: 'test'
      ...
    # Subtest: 6. PosOrder 自身冇 `order` 欄 ⇒ 裸單永遠唔會被誤當 nested
    ok 6 - 6. PosOrder 自身冇 `order` 欄 ⇒ 裸單永遠唔會被誤當 nested
      ---
      duration_ms: 0.6048
      type: 'test'
      ...
    1..6
ok 341 - unwrapOrderEventPayload
  ---
  duration_ms: 18.5351
  type: 'suite'
  ...
# Subtest: addedItemsOfEventPayload
    # Subtest: 有陣列就原樣回；缺欄 / 唔係陣列回 null
    ok 1 - 有陣列就原樣回；缺欄 / 唔係陣列回 null
      ---
      duration_ms: 1.3672
      type: 'test'
      ...
    1..1
ok 342 - addedItemsOfEventPayload
  ---
  duration_ms: 3.1876
  type: 'suite'
  ...
# (node:17376) [MODULE_TYPELESS_PACKAGE_JSON] Warning: Module type of file:///C:/dev/macauPos/macauPosSystem/src/lib/pos/write-gate.test.ts is not specified and it doesn't parse as CommonJS.
# Reparsing as ES module because module syntax was detected. This incurs a performance overhead.
# To eliminate this warning, add "type": "module" to C:\\dev\\macauPos\\macauPosSystem\\package.json.
# (Use `node --trace-warnings ...` to show where the warning was created)
# Subtest: isNewBusinessEvent
    # Subtest: ORDER_CREATED 一律係新生意
    ok 1 - ORDER_CREATED 一律係新生意
      ---
      duration_ms: 2.9847
      type: 'test'
      ...
    # Subtest: 🔴 ORDER_UPDATED **帶 addedItems** ＝ 加菜 ＝ 新生意
    ok 2 - 🔴 ORDER_UPDATED **帶 addedItems** ＝ 加菜 ＝ 新生意
      ---
      duration_ms: 0.7925
      type: 'test'
      ...
    # Subtest: 🔴 ORDER_UPDATED **冇 addedItems**（純狀態推進）唔算新生意（fail-open）
    ok 3 - 🔴 ORDER_UPDATED **冇 addedItems**（純狀態推進）唔算新生意（fail-open）
      ---
      duration_ms: 45.4704
      type: 'test'
      ...
    # Subtest: 其他事件一律唔算新生意
    ok 4 - 其他事件一律唔算新生意
      ---
      duration_ms: 1.3696
      type: 'test'
      ...
    1..4
ok 343 - isNewBusinessEvent
  ---
  duration_ms: 87.0506
  type: 'suite'
  ...
# Subtest: decideOrderWrite ── 應該拒
    # Subtest: 店已關 + 本地新單 → 拒（store-closed）
    ok 1 - 店已關 + 本地新單 → 拒（store-closed）
      ---
      duration_ms: 5.0704
      type: 'test'
      ...
    # Subtest: 🔴 店已關 + 加菜（ORDER_UPDATED 帶 addedItems）→ 拒
    ok 2 - 🔴 店已關 + 加菜（ORDER_UPDATED 帶 addedItems）→ 拒
      ---
      duration_ms: 0.6884
      type: 'test'
      ...
    # Subtest: 已收工 + 本地新單 → 拒（shift-closed）
    ok 3 - 已收工 + 本地新單 → 拒（shift-closed）
      ---
      duration_ms: 0.901
      type: 'test'
      ...
    # Subtest: 店已關 ＋ 已收工 → 講「店已關」先（兩者文案唔可以撈埋）
    ok 4 - 店已關 ＋ 已收工 → 講「店已關」先（兩者文案唔可以撈埋）
      ---
      duration_ms: 1.3789
      type: 'test'
      ...
    1..4
ok 344 - decideOrderWrite ── 應該拒
  ---
  duration_ms: 9.5242
  type: 'suite'
  ...
# Subtest: decideOrderWrite ── 唔應該拒（最重要）
    # Subtest: 🔴 結帳（ORDER_SETTLED）即使店已關 ＋ 已收工都**准**（客人走唔到更嚴重）
    ok 1 - 🔴 結帳（ORDER_SETTLED）即使店已關 ＋ 已收工都**准**（客人走唔到更嚴重）
      ---
      duration_ms: 1.9609
      type: 'test'
      ...
    # Subtest: 🔴 線上鏡像（`ledger-`）嘅 ORDER_CREATED 即使店已關都**准**
    ok 2 - 🔴 線上鏡像（`ledger-`）嘅 ORDER_CREATED 即使店已關都**准**
      ---
      duration_ms: 1.8888
      type: 'test'
      ...
    # Subtest: 🔴 純狀態推進（ORDER_UPDATED 冇 addedItems）即使關店都**准**
    ok 3 - 🔴 純狀態推進（ORDER_UPDATED 冇 addedItems）即使關店都**准**
      ---
      duration_ms: 0.4959
      type: 'test'
      ...
    # Subtest: 退菜 / 刪單 / 出紙一律准
    ok 4 - 退菜 / 刪單 / 出紙一律准
      ---
      duration_ms: 0.4667
      type: 'test'
      ...
    # Subtest: 正常營業中 → 一切准
    ok 5 - 正常營業中 → 一切准
      ---
      duration_ms: 0.347
      type: 'test'
      ...
    1..5
ok 345 - decideOrderWrite ── 唔應該拒（最重要）
  ---
  duration_ms: 6.4054
  type: 'suite'
  ...
# Subtest: describeWriteGateRejection
    # Subtest: 兩種原因有唔同文案（唔可以撈埋）
    ok 1 - 兩種原因有唔同文案（唔可以撈埋）
      ---
      duration_ms: 0.8937
      type: 'test'
      ...
    # Subtest: `ok` 冇文案
    ok 2 - `ok` 冇文案
      ---
      duration_ms: 0.2898
      type: 'test'
      ...
    1..2
ok 346 - describeWriteGateRejection
  ---
  duration_ms: 1.5191
  type: 'suite'
  ...
# Subtest: 工作階段被管理員關閉（2026-09-22）
    # Subtest: 🔴 只擋新生意：建單／加菜拒收
    ok 1 - 🔴 只擋新生意：建單／加菜拒收
      ---
      duration_ms: 0.9057
      type: 'test'
      ...
    # Subtest: 🔴 結帳／退款／刪單／出紙一律照准（客人走唔到更嚴重）
    ok 2 - 🔴 結帳／退款／刪單／出紙一律照准（客人走唔到更嚴重）
      ---
      duration_ms: 0.485
      type: 'test'
      ...
    # Subtest: 🔴 線上鏡像（`ledger-`）唔受影響 —— 否則線上單永遠冇完整記錄
    ok 3 - 🔴 線上鏡像（`ledger-`）唔受影響 —— 否則線上單永遠冇完整記錄
      ---
      duration_ms: 0.5836
      type: 'test'
      ...
    # Subtest: 舊 client／未跑 migration 0047 冇帶 sessionRevoked → 等同 false（fail-open）
    ok 4 - 舊 client／未跑 migration 0047 冇帶 sessionRevoked → 等同 false（fail-open）
      ---
      duration_ms: 0.4635
      type: 'test'
      ...
    # Subtest: 同時店已關 → 講「工作階段被關閉」（更明確嘅原因優先）
    ok 5 - 同時店已關 → 講「工作階段被關閉」（更明確嘅原因優先）
      ---
      duration_ms: 0.5421
      type: 'test'
      ...
    # Subtest: 文案要叫店員「重新登入」，唔可以叫佢「恢復營業」
    ok 6 - 文案要叫店員「重新登入」，唔可以叫佢「恢復營業」
      ---
      duration_ms: 0.7287
      type: 'test'
      ...
    1..6
ok 347 - 工作階段被管理員關閉（2026-09-22）
  ---
  duration_ms: 4.8413
  type: 'suite'
  ...
# (node:2376) [MODULE_TYPELESS_PACKAGE_JSON] Warning: Module type of file:///C:/dev/macauPos/macauPosSystem/src/lib/print-agent-server.test.ts is not specified and it doesn't parse as CommonJS.
# Reparsing as ES module because module syntax was detected. This incurs a performance overhead.
# To eliminate this warning, add "type": "module" to C:\\dev\\macauPos\\macauPosSystem\\package.json.
# (Use `node --trace-warnings ...` to show where the warning was created)
# Subtest: print-agent 驗證：只准 POST 路由記錄活動
    # Subtest: 🔴 GET 路由一律唔可以出現 recordActivity（否則 GET 會寫入）
    ok 1 - 🔴 GET 路由一律唔可以出現 recordActivity（否則 GET 會寫入）
      ---
      duration_ms: 6.2724
      type: 'test'
      ...
    # Subtest: 三個 agent POST 路由都必須用 recordActivity: true（令 claim/result 兼任心跳）
    ok 2 - 三個 agent POST 路由都必須用 recordActivity: true（令 claim/result 兼任心跳）
      ---
      duration_ms: 3.1096
      type: 'test'
      ...
    # Subtest: heartbeat 唔應該再自己做獨立 UPDATE（已經併入 verify）
    ok 3 - heartbeat 唔應該再自己做獨立 UPDATE（已經併入 verify）
      ---
      duration_ms: 1.3847
      type: 'test'
      ...
    # Subtest: verifyAgent 一定要 .select() 先會有 returning（唔可以盲寫）
    ok 4 - verifyAgent 一定要 .select() 先會有 returning（唔可以盲寫）
      ---
      duration_ms: 1.2991
      type: 'test'
      ...
    # Subtest: 蓋章失敗一定要降級為純讀（唔可以誤判成 401 — 401 會令 APK 清配對）
    ok 5 - 蓋章失敗一定要降級為純讀（唔可以誤判成 401 — 401 會令 APK 清配對）
      ---
      duration_ms: 1.2718
      type: 'test'
      ...
    1..5
ok 348 - print-agent 驗證：只准 POST 路由記錄活動
  ---
  duration_ms: 19.726
  type: 'suite'
  ...
# (node:22880) [MODULE_TYPELESS_PACKAGE_JSON] Warning: Module type of file:///C:/dev/macauPos/macauPosSystem/src/lib/refund-net.test.ts is not specified and it doesn't parse as CommonJS.
# Reparsing as ES module because module syntax was detected. This incurs a performance overhead.
# To eliminate this warning, add "type": "module" to C:\\dev\\macauPos\\macauPosSystem\\package.json.
# (Use `node --trace-warnings ...` to show where the warning was created)
# Subtest: refundTotalOf：無退款單 → 0
ok 349 - refundTotalOf：無退款單 → 0
  ---
  duration_ms: 4.6847
  type: 'test'
  ...
# Subtest: refundTotalOf：部分退款單 → 只計 refundedAmount（唔計全額 total）
ok 350 - refundTotalOf：部分退款單 → 只計 refundedAmount（唔計全額 total）
  ---
  duration_ms: 1.2563
  type: 'test'
  ...
# Subtest: refundTotalOf：全額退款單 → 計全額
ok 351 - refundTotalOf：全額退款單 → 計全額
  ---
  duration_ms: 0.5795
  type: 'test'
  ...
# Subtest: refundTotalOf：多張退款單累加
ok 352 - refundTotalOf：多張退款單累加
  ---
  duration_ms: 0.8611
  type: 'test'
  ...
# Subtest: refundTotalOf：refundedAmount 為 0 / 缺失 → fallback 累加 refundRecords
ok 353 - refundTotalOf：refundedAmount 為 0 / 缺失 → fallback 累加 refundRecords
  ---
  duration_ms: 1.2476
  type: 'test'
  ...
# Subtest: refundTotalOf：非退款狀態即使有 refundedAmount 都唔計（收窄範圍，防髒資料）
ok 354 - refundTotalOf：非退款狀態即使有 refundedAmount 都唔計（收窄範圍，防髒資料）
  ---
  duration_ms: 0.8733
  type: 'test'
  ...
# Subtest: refundTotalOf：負數 / NaN 髒資料唔會拖低總額
ok 355 - refundTotalOf：負數 / NaN 髒資料唔會拖低總額
  ---
  duration_ms: 0.9762
  type: 'test'
  ...
# Subtest: refundTotalOf：金額四捨五入到分（浮點尾巴）
ok 356 - refundTotalOf：金額四捨五入到分（浮點尾巴）
  ---
  duration_ms: 0.5974
  type: 'test'
  ...
# Subtest: 淨營業額口徑：賣 100 退 30 → 毛 100、淨 70（商家核心要求）
ok 357 - 淨營業額口徑：賣 100 退 30 → 毛 100、淨 70（商家核心要求）
  ---
  duration_ms: 1.6733
  type: 'test'
  ...
# Subtest: isRefundedOrderStatus：只認 refunded / partially_refunded
ok 358 - isRefundedOrderStatus：只認 refunded / partially_refunded
  ---
  duration_ms: 1.9939
  type: 'test'
  ...
# Subtest: refundOrderCountOf：只數退款單（唔關金額事）
ok 359 - refundOrderCountOf：只數退款單（唔關金額事）
  ---
  duration_ms: 0.9312
  type: 'test'
  ...
# Subtest: refundAmountOf：單張取值優先序（欄位 > records）+ 髒資料防護
ok 360 - refundAmountOf：單張取值優先序（欄位 > records）+ 髒資料防護
  ---
  duration_ms: 0.552
  type: 'test'
  ...
# Subtest: netOf：NaN / 非有限值一律當 0，唔會產生 NaN 金額
ok 361 - netOf：NaN / 非有限值一律當 0，唔會產生 NaN 金額
  ---
  duration_ms: 0.365
  type: 'test'
  ...
# (node:19692) [MODULE_TYPELESS_PACKAGE_JSON] Warning: Module type of file:///C:/dev/macauPos/macauPosSystem/src/lib/retail/barcode-index.test.ts is not specified and it doesn't parse as CommonJS.
# Reparsing as ES module because module syntax was detected. This incurs a performance overhead.
# To eliminate this warning, add "type": "module" to C:\\dev\\macauPos\\macauPosSystem\\package.json.
# (Use `node --trace-warnings ...` to show where the warning was created)
# Subtest: isSellable / isVariantSellable：只有明確 false 才停售（undefined = 賣得）
ok 362 - isSellable / isVariantSellable：只有明確 false 才停售（undefined = 賣得）
  ---
  duration_ms: 41.2854
  type: 'test'
  ...
# Subtest: createCatalog：只計有效商品，停售商品入唔到索引
ok 363 - createCatalog：只計有效商品，停售商品入唔到索引
  ---
  duration_ms: 6.5673
  type: 'test'
  ...
# Subtest: createCatalog：主條碼 / 額外條碼 / 變體條碼一律認得（一商品多條碼）
ok 364 - createCatalog：主條碼 / 額外條碼 / 變體條碼一律認得（一商品多條碼）
  ---
  duration_ms: 1.9307
  type: 'test'
  ...
# Subtest: createCatalog：PLU 索引（變重碼反查商品用）
ok 365 - createCatalog：PLU 索引（變重碼反查商品用）
  ---
  duration_ms: 1.1226
  type: 'test'
  ...
# Subtest: 🔴 createCatalog：撞條碼要報衝突，唔可以靜默取其一
ok 366 - 🔴 createCatalog：撞條碼要報衝突，唔可以靜默取其一
  ---
  duration_ms: 5.6163
  type: 'test'
  ...
# Subtest: 🔴 createCatalog：撞 PLU 一樣要報衝突（PLU 撞 = 秤重收錯錢）
ok 367 - 🔴 createCatalog：撞 PLU 一樣要報衝突（PLU 撞 = 秤重收錯錢）
  ---
  duration_ms: 7.8224
  type: 'test'
  ...
# Subtest: 沒有任何衝突時 conflicts 係空
ok 368 - 沒有任何衝突時 conflicts 係空
  ---
  duration_ms: 0.7968
  type: 'test'
  ...
# Subtest: resolveScannedCode：掃到商品 → 回商品
ok 369 - resolveScannedCode：掃到商品 → 回商品
  ---
  duration_ms: 1.6797
  type: 'test'
  ...
# Subtest: resolveScannedCode：掃到變體條碼 → 帶埋變體（服裝必需）
ok 370 - resolveScannedCode：掃到變體條碼 → 帶埋變體（服裝必需）
  ---
  duration_ms: 1.8991
  type: 'test'
  ...
# Subtest: resolveScannedCode：變重碼 → PLU + 重量，並反查到商品
ok 371 - resolveScannedCode：變重碼 → PLU + 重量，並反查到商品
  ---
  duration_ms: 3.8685
  type: 'test'
  ...
# Subtest: resolveScannedCode：變重碼對唔中 PLU 都要照收（價錢已經喺條碼）
ok 372 - resolveScannedCode：變重碼對唔中 PLU 都要照收（價錢已經喺條碼）
  ---
  duration_ms: 1.9032
  type: 'test'
  ...
# Subtest: 🔴 resolveScannedCode：變重碼優先過商品條碼（2x 係店內保留區間，會撞）
ok 373 - 🔴 resolveScannedCode：變重碼優先過商品條碼（2x 係店內保留區間，會撞）
  ---
  duration_ms: 0.8791
  type: 'test'
  ...
# Subtest: resolveScannedCode：唔認得 → unknown（呼叫端要響鈴提示）
ok 374 - resolveScannedCode：唔認得 → unknown（呼叫端要響鈴提示）
  ---
  duration_ms: 0.5919
  type: 'test'
  ...
# Subtest: resolveScannedCode：空 / null / 空白字元一律 unknown，唔會拋錯
ok 375 - resolveScannedCode：空 / null / 空白字元一律 unknown，唔會拋錯
  ---
  duration_ms: 0.605
  type: 'test'
  ...
# Subtest: resolveScannedCode：掃碼槍嘅結尾字元同出廠前綴都要處理到
ok 376 - resolveScannedCode：掃碼槍嘅結尾字元同出廠前綴都要處理到
  ---
  duration_ms: 0.4911
  type: 'test'
  ...
# Subtest: resolveScannedCode：冇規則時唔會誤判變重碼
ok 377 - resolveScannedCode：冇規則時唔會誤判變重碼
  ---
  duration_ms: 0.4421
  type: 'test'
  ...
# Subtest: resolveScannedCodeIn：便利版每次都重建索引，結果要一致
ok 378 - resolveScannedCodeIn：便利版每次都重建索引，結果要一致
  ---
  duration_ms: 1.0286
  type: 'test'
  ...
# Subtest: nextInternalBarcode：避開已用嘅碼
ok 379 - nextInternalBarcode：避開已用嘅碼
  ---
  duration_ms: 0.5865
  type: 'test'
  ...
# Subtest: nextInternalBarcode：連續已用會一路跳
ok 380 - nextInternalBarcode：連續已用會一路跳
  ---
  duration_ms: 0.6133
  type: 'test'
  ...
# Subtest: isScannedHit：商品同變重碼都算認得
ok 381 - isScannedHit：商品同變重碼都算認得
  ---
  duration_ms: 0.5946
  type: 'test'
  ...
# (node:20168) [MODULE_TYPELESS_PACKAGE_JSON] Warning: Module type of file:///C:/dev/macauPos/macauPosSystem/src/lib/retail/barcode-scanner-core.test.ts is not specified and it doesn't parse as CommonJS.
# Reparsing as ES module because module syntax was detected. This incurs a performance overhead.
# To eliminate this warning, add "type": "module" to C:\\dev\\macauPos\\macauPosSystem\\package.json.
# (Use `node --trace-warnings ...` to show where the warning was created)
# Subtest: isPrintableKey / terminatorOf：modifier 同空白唔算字元
ok 382 - isPrintableKey / terminatorOf：modifier 同空白唔算字元
  ---
  duration_ms: 4.8759
  type: 'test'
  ...
# Subtest: stripPrefix：剝走設定咗嘅出廠前綴
ok 383 - stripPrefix：剝走設定咗嘅出廠前綴
  ---
  duration_ms: 0.9156
  type: 'test'
  ...
# Subtest: isAllowedChar：digits 收窄面；前綴本身要放行
ok 384 - isAllowedChar：digits 收窄面；前綴本身要放行
  ---
  duration_ms: 3.3222
  type: 'test'
  ...
# Subtest: 🔴 feedKey：掃碼槍速度（8ms/鍵）+ Enter → 一次完成，長度正確
ok 385 - 🔴 feedKey：掃碼槍速度（8ms/鍵）+ Enter → 一次完成，長度正確
  ---
  duration_ms: 2.3071
  type: 'test'
  ...
# Subtest: 🔴 feedKey：帶 `~` 前綴 → 完成時剝走前綴
ok 386 - 🔴 feedKey：帶 `~` 前綴 → 完成時剝走前綴
  ---
  duration_ms: 0.951
  type: 'test'
  ...
# Subtest: 🔴 完成契約：terminator 完成之後唔可以重餵結尾鍵（會變 empty-terminator）
ok 387 - 🔴 完成契約：terminator 完成之後唔可以重餵結尾鍵（會變 empty-terminator）
  ---
  duration_ms: 0.764
  type: 'test'
  ...
# Subtest: feedKey：Tab 結尾一樣得
ok 388 - feedKey：Tab 結尾一樣得
  ---
  duration_ms: 0.5764
  type: 'test'
  ...
# Subtest: 🔴 feedKey：人手打字速度（150ms/鍵）→ 唔會累積成條碼
ok 389 - 🔴 feedKey：人手打字速度（150ms/鍵）→ 唔會累積成條碼
  ---
  duration_ms: 3.4518
  type: 'test'
  ...
# Subtest: 🔴 人手慢慢打幾個字再撳 Enter → 雖然會「完成」，但係長度唔合理要被過濾
ok 390 - 🔴 人手慢慢打幾個字再撳 Enter → 雖然會「完成」，但係長度唔合理要被過濾
  ---
  duration_ms: 2.1051
  type: 'test'
  ...
# Subtest: feedKey：非數字字元（設定純數字）→ 即刻 reset
ok 391 - feedKey：非數字字元（設定純數字）→ 即刻 reset
  ---
  duration_ms: 1.9402
  type: 'test'
  ...
# Subtest: feedKey：太長 → reset（唔係條碼）
ok 392 - feedKey：太長 → reset（唔係條碼）
  ---
  duration_ms: 1.2286
  type: 'test'
  ...
# Subtest: feedKey：modifier 鍵（Shift / 方向鍵）要忽略，唔可以清緩衝
ok 393 - feedKey：modifier 鍵（Shift / 方向鍵）要忽略，唔可以清緩衝
  ---
  duration_ms: 0.5652
  type: 'test'
  ...
# Subtest: feedKey：冇緩衝就撳 Enter → empty-terminator（唔會送出空條碼）
ok 394 - feedKey：冇緩衝就撳 Enter → empty-terminator（唔會送出空條碼）
  ---
  duration_ms: 0.4277
  type: 'test'
  ...
# Subtest: 🔴 feedKey：suffix=none + 超時 → 完成上一串（唔會掉棄）
ok 395 - 🔴 feedKey：suffix=none + 超時 → 完成上一串（唔會掉棄）
  ---
  duration_ms: 0.927
  type: 'test'
  ...
# Subtest: 🔴 tickTimeout：只有 suffix=none 才收尾（其他型號唔可以自動送出半截單號）
ok 396 - 🔴 tickTimeout：只有 suffix=none 才收尾（其他型號唔可以自動送出半截單號）
  ---
  duration_ms: 0.8997
  type: 'test'
  ...
# Subtest: tickTimeout：空緩衝 → buffering（唔會拋錯）
ok 397 - tickTimeout：空緩衝 → buffering（唔會拋錯）
  ---
  duration_ms: 0.7035
  type: 'test'
  ...
# Subtest: isPlausibleCode：長度 / 字元集把關
ok 398 - isPlausibleCode：長度 / 字元集把關
  ---
  duration_ms: 0.7414
  type: 'test'
  ...
# (node:17208) [MODULE_TYPELESS_PACKAGE_JSON] Warning: Module type of file:///C:/dev/macauPos/macauPosSystem/src/lib/retail/catalog-ops.test.ts is not specified and it doesn't parse as CommonJS.
# Reparsing as ES module because module syntax was detected. This incurs a performance overhead.
# To eliminate this warning, add "type": "module" to C:\\dev\\macauPos\\macauPosSystem\\package.json.
# (Use `node --trace-warnings ...` to show where the warning was created)
# Subtest: findRetailProduct / findRetailVariant
ok 399 - findRetailProduct / findRetailVariant
  ---
  duration_ms: 6.2735
  type: 'test'
  ...
# Subtest: totalStockOf：有變體 = 各變體相加（停售變體唔計）；冇變體 = 自己
ok 400 - totalStockOf：有變體 = 各變體相加（停售變體唔計）；冇變體 = 自己
  ---
  duration_ms: 1.5287
  type: 'test'
  ...
# Subtest: nextProductId：接最大編號，並避開已用 id
ok 401 - nextProductId：接最大編號，並避開已用 id
  ---
  duration_ms: 1.4226
  type: 'test'
  ...
# Subtest: emptyProductDraft：有安全預設（唔會留 undefined 令下游要 null check）
ok 402 - emptyProductDraft：有安全預設（唔會留 undefined 令下游要 null check）
  ---
  duration_ms: 0.7589
  type: 'test'
  ...
# Subtest: normalizeNewProduct：補 id / 預設值、trim 名、夾負數
ok 403 - normalizeNewProduct：補 id / 預設值、trim 名、夾負數
  ---
  duration_ms: 2.0828
  type: 'test'
  ...
# Subtest: normalizeNewProduct：變體庫存補 0（唔會留 undefined）
ok 404 - normalizeNewProduct：變體庫存補 0（唔會留 undefined）
  ---
  duration_ms: 1.8407
  type: 'test'
  ...
# Subtest: upsertRetailProduct：新增 / 取代；唔會改到其他 reference
ok 405 - upsertRetailProduct：新增 / 取代；唔會改到其他 reference
  ---
  duration_ms: 9.6177
  type: 'test'
  ...
# Subtest: removeRetailProduct / removeRetailProducts
ok 406 - removeRetailProduct / removeRetailProducts
  ---
  duration_ms: 3.1698
  type: 'test'
  ...
# Subtest: setProductActive：停售唔刪（保留歷史訂單引用）
ok 407 - setProductActive：停售唔刪（保留歷史訂單引用）
  ---
  duration_ms: 2.8482
  type: 'test'
  ...
# Subtest: setProductStock：母體 / 變體；負數夾 0
ok 408 - setProductStock：母體 / 變體；負數夾 0
  ---
  duration_ms: 3.3408
  type: 'test'
  ...
# Subtest: 🔴 filterProducts：完整條碼要排第一（收銀員打嘅多數係完整條碼）
ok 409 - 🔴 filterProducts：完整條碼要排第一（收銀員打嘅多數係完整條碼）
  ---
  duration_ms: 8.2984
  type: 'test'
  ...
# Subtest: filterProducts：撈得到額外條碼 / PLU / SKU / 商品名
ok 410 - filterProducts：撈得到額外條碼 / PLU / SKU / 商品名
  ---
  duration_ms: 0.8757
  type: 'test'
  ...
# Subtest: filterProducts：預設只出有效商品；分類篩選
ok 411 - filterProducts：預設只出有效商品；分類篩選
  ---
  duration_ms: 0.892
  type: 'test'
  ...
# Subtest: filterProducts：只出低庫存（含變體逐個判斷）
ok 412 - filterProducts：只出低庫存（含變體逐個判斷）
  ---
  duration_ms: 1.7147
  type: 'test'
  ...
# Subtest: filterProducts：大小寫無關
ok 413 - filterProducts：大小寫無關
  ---
  duration_ms: 1.3347
  type: 'test'
  ...
# Subtest: sortProducts：唔會改到原陣列
ok 414 - sortProducts：唔會改到原陣列
  ---
  duration_ms: 15.8761
  type: 'test'
  ...
# Subtest: 🔴 sortProducts：用 code point 排序，唔用 localeCompare（唔可以有環境依賴）
ok 415 - 🔴 sortProducts：用 code point 排序，唔用 localeCompare（唔可以有環境依賴）
  ---
  duration_ms: 0.5719
  type: 'test'
  ...
# Subtest: categoriesOf：由商品推導、去重、code point 排序
ok 416 - categoriesOf：由商品推導、去重、code point 排序
  ---
  duration_ms: 47.9245
  type: 'test'
  ...
# Subtest: 🔴 applyImportPlan：新增 + 更新，唔會清走 CSV 冇填嘅欄位
ok 417 - 🔴 applyImportPlan：新增 + 更新，唔會清走 CSV 冇填嘅欄位
  ---
  duration_ms: 32.1228
  type: 'test'
  ...
# Subtest: applyImportPlan：唔會改到原陣列
ok 418 - applyImportPlan：唔會改到原陣列
  ---
  duration_ms: 17.1857
  type: 'test'
  ...
# Subtest: applyImportPlan：plan 係空 → 原樣回，唔會拋錯
ok 419 - applyImportPlan：plan 係空 → 原樣回，唔會拋錯
  ---
  duration_ms: 0.7526
  type: 'test'
  ...
# Subtest: applyImportPlan：對唔中 existing 要報 missing（唔可以靜默漏）
ok 420 - applyImportPlan：對唔中 existing 要報 missing（唔可以靜默漏）
  ---
  duration_ms: 1.519
  type: 'test'
  ...
# Subtest: productStats：缺貨 / 低庫存分開數，停售唔計入 active
ok 421 - productStats：缺貨 / 低庫存分開數，停售唔計入 active
  ---
  duration_ms: 0.8248
  type: 'test'
  ...
# Subtest: productStats：母體商品低於警戒線要數 lowStock
ok 422 - productStats：母體商品低於警戒線要數 lowStock
  ---
  duration_ms: 0.4776
  type: 'test'
  ...
# (node:20372) [MODULE_TYPELESS_PACKAGE_JSON] Warning: Module type of file:///C:/dev/macauPos/macauPosSystem/src/lib/retail/csv-import.test.ts is not specified and it doesn't parse as CommonJS.
# Reparsing as ES module because module syntax was detected. This incurs a performance overhead.
# To eliminate this warning, add "type": "module" to C:\\dev\\macauPos\\macauPosSystem\\package.json.
# (Use `node --trace-warnings ...` to show where the warning was created)
# Subtest: parseCsv：基本 / 引號內逗號 / 引號內換行 / 轉義雙引號
ok 423 - parseCsv：基本 / 引號內逗號 / 引號內換行 / 轉義雙引號
  ---
  duration_ms: 9.8559
  type: 'test'
  ...
# Subtest: parseCsv：BOM / CRLF / 舊式 CR / 尾隨空行
ok 424 - parseCsv：BOM / CRLF / 舊式 CR / 尾隨空行
  ---
  duration_ms: 1.0601
  type: 'test'
  ...
# Subtest: parseCsv：引號入面嘅逗號唔會分割；空欄位保留
ok 425 - parseCsv：引號入面嘅逗號唔會分割；空欄位保留
  ---
  duration_ms: 0.6164
  type: 'test'
  ...
# Subtest: guessDelimiter：逗號 / 分號 / tab
ok 426 - guessDelimiter：逗號 / 分號 / tab
  ---
  duration_ms: 1.5118
  type: 'test'
  ...
# Subtest: autoMapHeaders：中文表頭自動對照（商家由 Excel 出 CSV 一定係中文）
ok 427 - autoMapHeaders：中文表頭自動對照（商家由 Excel 出 CSV 一定係中文）
  ---
  duration_ms: 2.4085
  type: 'test'
  ...
# Subtest: autoMapHeaders：英文表頭 + 唔認識嘅欄位 → null
ok 428 - autoMapHeaders：英文表頭 + 唔認識嘅欄位 → null
  ---
  duration_ms: 0.946
  type: 'test'
  ...
# Subtest: autoMapHeaders：同一個欄位唔會被對照兩次
ok 429 - autoMapHeaders：同一個欄位唔會被對照兩次
  ---
  duration_ms: 1.3719
  type: 'test'
  ...
# Subtest: detectHeaderRow：第一行有認識嘅欄位就當表頭
ok 430 - detectHeaderRow：第一行有認識嘅欄位就當表頭
  ---
  duration_ms: 1.1872
  type: 'test'
  ...
# Subtest: parseMoney：剝走 $ / 千分位 / MOP；非法回 null
ok 431 - parseMoney：剝走 $ / 千分位 / MOP；非法回 null
  ---
  duration_ms: 2.3863
  type: 'test'
  ...
# Subtest: parseQty：稱重可以有 3 位小數、剝走 kg
ok 432 - parseQty：稱重可以有 3 位小數、剝走 kg
  ---
  duration_ms: 3.0237
  type: 'test'
  ...
# Subtest: parseBool：接受中英文常見寫法；空白 = null（唔可以當 false）
ok 433 - parseBool：接受中英文常見寫法；空白 = null（唔可以當 false）
  ---
  duration_ms: 1.3364
  type: 'test'
  ...
# Subtest: parseDate：接受 YYYY-MM-DD / 斜線 / 點 / 年月日 / 緊湊格式
ok 434 - parseDate：接受 YYYY-MM-DD / 斜線 / 點 / 年月日 / 緊湊格式
  ---
  duration_ms: 1.5611
  type: 'test'
  ...
# Subtest: splitBarcodes：一條商品多個條碼（| ; 、 , 空白分隔）
ok 435 - splitBarcodes：一條商品多個條碼（| ; 、 , 空白分隔）
  ---
  duration_ms: 0.9695
  type: 'test'
  ...
# Subtest: buildImportPlan：全新商品 → creates（唔會改任何資料）
ok 436 - buildImportPlan：全新商品 → creates（唔會改任何資料）
  ---
  duration_ms: 5.3145
  type: 'test'
  ...
# Subtest: buildImportPlan：條碼對得中現有商品 → updates + 講明改咩
ok 437 - buildImportPlan：條碼對得中現有商品 → updates + 講明改咩
  ---
  duration_ms: 11.0597
  type: 'test'
  ...
# Subtest: buildImportPlan：完全一樣 → unchanged（唔應該無謂寫入）
ok 438 - buildImportPlan：完全一樣 → unchanged（唔應該無謂寫入）
  ---
  duration_ms: 1.4961
  type: 'test'
  ...
# Subtest: buildImportPlan：CSV 冇填嘅欄位唔會當成改動
ok 439 - buildImportPlan：CSV 冇填嘅欄位唔會當成改動
  ---
  duration_ms: 1.0552
  type: 'test'
  ...
# Subtest: 🔴 buildImportPlan：商品名 / 售價 空白 → 錯誤（唔可以靜默當 0）
ok 440 - 🔴 buildImportPlan：商品名 / 售價 空白 → 錯誤（唔可以靜默當 0）
  ---
  duration_ms: 3.1075
  type: 'test'
  ...
# Subtest: buildImportPlan：非法金額 / 數量 / 布林 / 日期都要擋
ok 441 - buildImportPlan：非法金額 / 數量 / 布林 / 日期都要擋
  ---
  duration_ms: 2.9263
  type: 'test'
  ...
# Subtest: 🔴 buildImportPlan：稱重商品冇 PLU → 錯誤（秤端只認 PLU）
ok 442 - 🔴 buildImportPlan：稱重商品冇 PLU → 錯誤（秤端只認 PLU）
  ---
  duration_ms: 1.7956
  type: 'test'
  ...
# Subtest: buildImportPlan：稱重商品有 PLU → 通過；單位唔係 kg 只出警告
ok 443 - buildImportPlan：稱重商品有 PLU → 通過；單位唔係 kg 只出警告
  ---
  duration_ms: 2.0852
  type: 'test'
  ...
# Subtest: buildImportPlan：冇任何識別碼 → 警告（唔擋，但要商家知）
ok 444 - buildImportPlan：冇任何識別碼 → 警告（唔擋，但要商家知）
  ---
  duration_ms: 0.7211
  type: 'test'
  ...
# Subtest: buildImportPlan：售價 0 → 警告（確認贈品）
ok 445 - buildImportPlan：售價 0 → 警告（確認贈品）
  ---
  duration_ms: 1.3136
  type: 'test'
  ...
# Subtest: 🔴 buildImportPlan：檔案內重複條碼 → 錯誤（掃碼會收錯錢）
ok 446 - 🔴 buildImportPlan：檔案內重複條碼 → 錯誤（掃碼會收錯錢）
  ---
  duration_ms: 1.2429
  type: 'test'
  ...
# Subtest: buildImportPlan：額外條碼用 | 分隔要拆開
ok 447 - buildImportPlan：額外條碼用 | 分隔要拆開
  ---
  duration_ms: 0.9255
  type: 'test'
  ...
# Subtest: buildImportPlan：唔變嘅欄位保留（extraBarcodes 要逐個比）
ok 448 - buildImportPlan：唔變嘅欄位保留（extraBarcodes 要逐個比）
  ---
  duration_ms: 1.6759
  type: 'test'
  ...
# Subtest: buildImportPlan：冇表頭（第一行就係資料）都要處理到
ok 449 - buildImportPlan：冇表頭（第一行就係資料）都要處理到
  ---
  duration_ms: 1.6813
  type: 'test'
  ...
# Subtest: buildImportPlan：空 CSV / 只有表頭 → 空計劃，唔會拋錯
ok 450 - buildImportPlan：空 CSV / 只有表頭 → 空計劃，唔會拋錯
  ---
  duration_ms: 1.071
  type: 'test'
  ...
# Subtest: buildImportPlan：分號分隔嘅 CSV（歐洲 Excel）
ok 451 - buildImportPlan：分號分隔嘅 CSV（歐洲 Excel）
  ---
  duration_ms: 0.6173
  type: 'test'
  ...
# Subtest: buildImportPlan：unmappedHeaders 要報返（商家知邊啲欄位冇匯入）
ok 452 - buildImportPlan：unmappedHeaders 要報返（商家知邊啲欄位冇匯入）
  ---
  duration_ms: 1.0367
  type: 'test'
  ...
# Subtest: diffFields：CSV 冇提供嘅欄位唔算改動
ok 453 - diffFields：CSV 冇提供嘅欄位唔算改動
  ---
  duration_ms: 2.6739
  type: 'test'
  ...
# Subtest: describeImportPlan：一行睇晒
ok 454 - describeImportPlan：一行睇晒
  ---
  duration_ms: 3.9677
  type: 'test'
  ...
# (node:17752) [MODULE_TYPELESS_PACKAGE_JSON] Warning: Module type of file:///C:/dev/macauPos/macauPosSystem/src/lib/retail/hold-orders.test.ts is not specified and it doesn't parse as CommonJS.
# Reparsing as ES module because module syntax was detected. This incurs a performance overhead.
# To eliminate this warning, add "type": "module" to C:\\dev\\macauPos\\macauPosSystem\\package.json.
# (Use `node --trace-warnings ...` to show where the warning was created)
# Subtest: createHoldOrder：正常掛單 → 計出應收同件數
ok 455 - createHoldOrder：正常掛單 → 計出應收同件數
  ---
  duration_ms: 13.2998
  type: 'test'
  ...
# Subtest: createHoldOrder：空購物車 → 拒絕（唔可以掛 $0 空單）
ok 456 - createHoldOrder：空購物車 → 拒絕（唔可以掛 $0 空單）
  ---
  duration_ms: 1.0387
  type: 'test'
  ...
# Subtest: createHoldOrder：數量 0 嘅行唔算（唔可以留低幽靈行）
ok 457 - createHoldOrder：數量 0 嘅行唔算（唔可以留低幽靈行）
  ---
  duration_ms: 0.5177
  type: 'test'
  ...
# Subtest: createHoldOrder：稱重行算 1 件（唔可以用 kg 當件數）
ok 458 - createHoldOrder：稱重行算 1 件（唔可以用 kg 當件數）
  ---
  duration_ms: 0.9603
  type: 'test'
  ...
# Subtest: createHoldOrder：深拷貝購物車行（之後改購物車唔會改到掛單）
ok 459 - createHoldOrder：深拷貝購物車行（之後改購物車唔會改到掛單）
  ---
  duration_ms: 0.9871
  type: 'test'
  ...
# Subtest: createHoldOrder：保留整單折扣並反映落 total
ok 460 - createHoldOrder：保留整單折扣並反映落 total
  ---
  duration_ms: 5.8052
  type: 'test'
  ...
# Subtest: createHoldOrder：到上限 → 明確拒絕（唔可以靜默丟最舊）
ok 461 - createHoldOrder：到上限 → 明確拒絕（唔可以靜默丟最舊）
  ---
  duration_ms: 1.9595
  type: 'test'
  ...
# Subtest: createHoldOrder：備註只有空白 → 當冇備註
ok 462 - createHoldOrder：備註只有空白 → 當冇備註
  ---
  duration_ms: 0.7414
  type: 'test'
  ...
# Subtest: nextHoldSeq：空 → 1
ok 463 - nextHoldSeq：空 → 1
  ---
  duration_ms: 1.3286
  type: 'test'
  ...
# Subtest: nextHoldSeq：刪咗中間一張唔會重複派號
ok 464 - nextHoldSeq：刪咗中間一張唔會重複派號
  ---
  duration_ms: 12.2543
  type: 'test'
  ...
# Subtest: nextHoldSeq：label 格式唔符（人手改過）→ 唔會當成 0 而撞號
ok 465 - nextHoldSeq：label 格式唔符（人手改過）→ 唔會當成 0 而撞號
  ---
  duration_ms: 1.0029
  type: 'test'
  ...
# Subtest: takeHoldOrder：取單 → 回傳該單並由列表移除
ok 466 - takeHoldOrder：取單 → 回傳該單並由列表移除
  ---
  duration_ms: 1.1826
  type: 'test'
  ...
# Subtest: takeHoldOrder：對唔中 id → 唔會 throw，列表原樣
ok 467 - takeHoldOrder：對唔中 id → 唔會 throw，列表原樣
  ---
  duration_ms: 0.7747
  type: 'test'
  ...
# Subtest: removeHoldOrder：刪除指定掛單
ok 468 - removeHoldOrder：刪除指定掛單
  ---
  duration_ms: 0.6426
  type: 'test'
  ...
# Subtest: renameHoldOrder：改備註；空字串清走備註
ok 469 - renameHoldOrder：改備註；空字串清走備註
  ---
  duration_ms: 1.1301
  type: 'test'
  ...
# Subtest: sortHolds：最新掛嘅排最前
ok 470 - sortHolds：最新掛嘅排最前
  ---
  duration_ms: 0.5284
  type: 'test'
  ...
# Subtest: sortHolds：同一時間 → 按 label 降序（穩定，唔會亂跳）
ok 471 - sortHolds：同一時間 → 按 label 降序（穩定，唔會亂跳）
  ---
  duration_ms: 0.3655
  type: 'test'
  ...
# Subtest: sortHolds：唔會改動原陣列
ok 472 - sortHolds：唔會改動原陣列
  ---
  duration_ms: 0.4504
  type: 'test'
  ...
# Subtest: describeHold：件數 + 金額
ok 473 - describeHold：件數 + 金額
  ---
  duration_ms: 0.4955
  type: 'test'
  ...
# Subtest: pruneStaleHolds：超過 24 小時嘅掛單清走
ok 474 - pruneStaleHolds：超過 24 小時嘅掛單清走
  ---
  duration_ms: 0.8021
  type: 'test'
  ...
# Subtest: pruneStaleHolds：自訂有效期
ok 475 - pruneStaleHolds：自訂有效期
  ---
  duration_ms: 0.4237
  type: 'test'
  ...
# Subtest: pruneStaleHolds：時間戳壞掉 → 當過期清走（唔可以永遠留住）
ok 476 - pruneStaleHolds：時間戳壞掉 → 當過期清走（唔可以永遠留住）
  ---
  duration_ms: 0.3767
  type: 'test'
  ...
# Subtest: pruneStaleHolds：空陣列唔會 throw
ok 477 - pruneStaleHolds：空陣列唔會 throw
  ---
  duration_ms: 0.3793
  type: 'test'
  ...
# (node:22656) [MODULE_TYPELESS_PACKAGE_JSON] Warning: Module type of file:///C:/dev/macauPos/macauPosSystem/src/lib/retail/inventory-ops.test.ts is not specified and it doesn't parse as CommonJS.
# Reparsing as ES module because module syntax was detected. This incurs a performance overhead.
# To eliminate this warning, add "type": "module" to C:\\dev\\macauPos\\macauPosSystem\\package.json.
# (Use `node --trace-warnings ...` to show where the warning was created)
# Subtest: stockHealthOf：缺貨 / 低庫存 / 正常 / 唔追蹤
ok 478 - stockHealthOf：缺貨 / 低庫存 / 正常 / 唔追蹤
  ---
  duration_ms: 5.3786
  type: 'test'
  ...
# Subtest: stockHealthOf：唔追蹤庫存 ≠ 缺貨（唔可以製造假警報）
ok 479 - stockHealthOf：唔追蹤庫存 ≠ 缺貨（唔可以製造假警報）
  ---
  duration_ms: 0.9741
  type: 'test'
  ...
# Subtest: stockHealthOf：警戒線為 0 時，只有 <= 0 才係 out（唔會誤報 low）
ok 480 - stockHealthOf：警戒線為 0 時，只有 <= 0 才係 out（唔會誤報 low）
  ---
  duration_ms: 0.9198
  type: 'test'
  ...
# Subtest: stockHealthOf：指定 variantId 時用變體警戒線
ok 481 - stockHealthOf：指定 variantId 時用變體警戒線
  ---
  duration_ms: 1.3018
  type: 'test'
  ...
# Subtest: inventoryRows：有變體商品逐個變體出列 + 一行母體（標記 isParent）
ok 482 - inventoryRows：有變體商品逐個變體出列 + 一行母體（標記 isParent）
  ---
  duration_ms: 5.0886
  type: 'test'
  ...
# Subtest: inventoryRows：變體列嘅 label 接上變體名
ok 483 - inventoryRows：變體列嘅 label 接上變體名
  ---
  duration_ms: 3.3954
  type: 'test'
  ...
# Subtest: inventoryRows：唔追蹤庫存商品預設唔出列（避免一堆永遠低庫存）
ok 484 - inventoryRows：唔追蹤庫存商品預設唔出列（避免一堆永遠低庫存）
  ---
  duration_ms: 1.1756
  type: 'test'
  ...
# Subtest: inventoryRows：預設唔出停售商品；includeInactive 才出
ok 485 - inventoryRows：預設唔出停售商品；includeInactive 才出
  ---
  duration_ms: 0.8878
  type: 'test'
  ...
# Subtest: inventoryRows：稱重商品 qty 係 kg（唔係件）
ok 486 - inventoryRows：稱重商品 qty 係 kg（唔係件）
  ---
  duration_ms: 1.4586
  type: 'test'
  ...
# Subtest: inventoryRows：stockValue = qty × cost
ok 487 - inventoryRows：stockValue = qty × cost
  ---
  duration_ms: 11.5088
  type: 'test'
  ...
# Subtest: inventorySummary：統計 out / low / 庫存值
ok 488 - inventorySummary：統計 out / low / 庫存值
  ---
  duration_ms: 1.5683
  type: 'test'
  ...
# Subtest: inventorySummary：冇填成本嘅商品要報出嚟（庫存值會偏低）
ok 489 - inventorySummary：冇填成本嘅商品要報出嚟（庫存值會偏低）
  ---
  duration_ms: 2.174
  type: 'test'
  ...
# Subtest: inventorySummary：空目錄唔會 throw
ok 490 - inventorySummary：空目錄唔會 throw
  ---
  duration_ms: 3.3308
  type: 'test'
  ...
# Subtest: replenishSuggestions：缺貨商品建議補到警戒線 × 2
ok 491 - replenishSuggestions：缺貨商品建議補到警戒線 × 2
  ---
  duration_ms: 5.918
  type: 'test'
  ...
# Subtest: replenishSuggestions：低庫存商品建議補差額
ok 492 - replenishSuggestions：低庫存商品建議補差額
  ---
  duration_ms: 3.028
  type: 'test'
  ...
# Subtest: replenishSuggestions：警戒線 0 → 目標至少 1
ok 493 - replenishSuggestions：警戒線 0 → 目標至少 1
  ---
  duration_ms: 0.5538
  type: 'test'
  ...
# Subtest: replenishSuggestions：multiplier 非法時退回 2（唔可以變 NaN）
ok 494 - replenishSuggestions：multiplier 非法時退回 2（唔可以變 NaN）
  ---
  duration_ms: 0.7074
  type: 'test'
  ...
# Subtest: replenishSuggestions：冇低庫存商品時回空陣列
ok 495 - replenishSuggestions：冇低庫存商品時回空陣列
  ---
  duration_ms: 0.5815
  type: 'test'
  ...
# Subtest: applyInventoryCounts：絕對值語義（唔係累加）
ok 496 - applyInventoryCounts：絕對值語義（唔係累加）
  ---
  duration_ms: 2.6765
  type: 'test'
  ...
# Subtest: applyInventoryCounts：重複提交同一目標唔會累加
ok 497 - applyInventoryCounts：重複提交同一目標唔會累加
  ---
  duration_ms: 1.2052
  type: 'test'
  ...
# Subtest: applyInventoryCounts：母體（有變體商品）一律跳過 —— 唔可以改母體數字
ok 498 - applyInventoryCounts：母體（有變體商品）一律跳過 —— 唔可以改母體數字
  ---
  duration_ms: 0.548
  type: 'test'
  ...
# Subtest: applyInventoryCounts：指明 variantId 就可以改變體
ok 499 - applyInventoryCounts：指明 variantId 就可以改變體
  ---
  duration_ms: 1.9363
  type: 'test'
  ...
# Subtest: applyInventoryCounts：唔追蹤庫存商品跳過（no-track）
ok 500 - applyInventoryCounts：唔追蹤庫存商品跳過（no-track）
  ---
  duration_ms: 1.3476
  type: 'test'
  ...
# Subtest: applyInventoryCounts：對唔中商品跳過（not-found），唔會 throw
ok 501 - applyInventoryCounts：對唔中商品跳過（not-found），唔會 throw
  ---
  duration_ms: 3.2427
  type: 'test'
  ...
# Subtest: applyInventoryCounts：負數 / NaN 夾成 0
ok 502 - applyInventoryCounts：負數 / NaN 夾成 0
  ---
  duration_ms: 1.4577
  type: 'test'
  ...
# Subtest: applyInventoryCounts：盤盈（數量增加）diff 為正
ok 503 - applyInventoryCounts：盤盈（數量增加）diff 為正
  ---
  duration_ms: 0.5331
  type: 'test'
  ...
# Subtest: applyInventoryCounts：空輸入回原樣（同一個 reference）
ok 504 - applyInventoryCounts：空輸入回原樣（同一個 reference）
  ---
  duration_ms: 0.3691
  type: 'test'
  ...
# Subtest: inventoryToCsv：第一行係中文表頭
ok 505 - inventoryToCsv：第一行係中文表頭
  ---
  duration_ms: 1.0786
  type: 'test'
  ...
# Subtest: inventoryToCsv：包含變體列，變體 ID 有值
ok 506 - inventoryToCsv：包含變體列，變體 ID 有值
  ---
  duration_ms: 0.5908
  type: 'test'
  ...
# Subtest: inventoryToCsv：商品名有逗號 / 引號時正確轉義
ok 507 - inventoryToCsv：商品名有逗號 / 引號時正確轉義
  ---
  duration_ms: 0.4042
  type: 'test'
  ...
# Subtest: inventoryToCsv：唔追蹤庫存商品唔出（否則匯入會多一堆 0）
ok 508 - inventoryToCsv：唔追蹤庫存商品唔出（否則匯入會多一堆 0）
  ---
  duration_ms: 0.4151
  type: 'test'
  ...
# Subtest: inventoryToCsv：空目錄只出表頭
ok 509 - inventoryToCsv：空目錄只出表頭
  ---
  duration_ms: 0.3572
  type: 'test'
  ...
# (node:18644) [MODULE_TYPELESS_PACKAGE_JSON] Warning: Module type of file:///C:/dev/macauPos/macauPosSystem/src/lib/retail/manual-scale.test.ts is not specified and it doesn't parse as CommonJS.
# Reparsing as ES module because module syntax was detected. This incurs a performance overhead.
# To eliminate this warning, add "type": "module" to C:\\dev\\macauPos\\macauPosSystem\\package.json.
# (Use `node --trace-warnings ...` to show where the warning was created)
# Subtest: computeWeigh：無皮重 — 淨重 = 毛重
ok 510 - computeWeigh：無皮重 — 淨重 = 毛重
  ---
  duration_ms: 11.8355
  type: 'test'
  ...
# Subtest: computeWeigh：扣皮重後計金額
ok 511 - computeWeigh：扣皮重後計金額
  ---
  duration_ms: 0.8493
  type: 'test'
  ...
# Subtest: computeWeigh：皮重 > 毛重 → 唔可以靜默當 0
ok 512 - computeWeigh：皮重 > 毛重 → 唔可以靜默當 0
  ---
  duration_ms: 0.4808
  type: 'test'
  ...
# Subtest: computeWeigh：太輕（低於最低計價單位）→ 唔入車
ok 513 - computeWeigh：太輕（低於最低計價單位）→ 唔入車
  ---
  duration_ms: 0.4452
  type: 'test'
  ...
# Subtest: computeWeigh：剛好 1 克可以入車（最低計價單位 0.001）
ok 514 - computeWeigh：剛好 1 克可以入車（最低計價單位 0.001）
  ---
  duration_ms: 1.7381
  type: 'test'
  ...
# Subtest: computeWeigh：自訂最低計價單位（例如 0.01 kg）
ok 515 - computeWeigh：自訂最低計價單位（例如 0.01 kg）
  ---
  duration_ms: 0.5312
  type: 'test'
  ...
# Subtest: computeWeigh：負數毛重夾成 0（秤壞 / 打錯）
ok 516 - computeWeigh：負數毛重夾成 0（秤壞 / 打錯）
  ---
  duration_ms: 0.7503
  type: 'test'
  ...
# Subtest: computeWeigh：單價 0 → 金額 0 但重量保留（可能稍後改價）
ok 517 - computeWeigh：單價 0 → 金額 0 但重量保留（可能稍後改價）
  ---
  duration_ms: 3.8344
  type: 'test'
  ...
# Subtest: computeWeigh：NaN 單價唔會令金額變 NaN
ok 518 - computeWeigh：NaN 單價唔會令金額變 NaN
  ---
  duration_ms: 2.5732
  type: 'test'
  ...
# Subtest: computeWeigh：金額四捨五入到分
ok 519 - computeWeigh：金額四捨五入到分
  ---
  duration_ms: 2.4788
  type: 'test'
  ...
# Subtest: formatKg：去掉尾隨 0
ok 520 - formatKg：去掉尾隨 0
  ---
  duration_ms: 11.051
  type: 'test'
  ...
# Subtest: formatKg：NaN / 非有限值當 0
ok 521 - formatKg：NaN / 非有限值當 0
  ---
  duration_ms: 0.3913
  type: 'test'
  ...
# Subtest: DEFAULT_TARE_PRESETS：第一個係「不扣皮」且磅數為 0
ok 522 - DEFAULT_TARE_PRESETS：第一個係「不扣皮」且磅數為 0
  ---
  duration_ms: 0.2564
  type: 'test'
  ...
# Subtest: DEFAULT_TARE_PRESETS：全部 kg 都係非負、id 唯一
ok 523 - DEFAULT_TARE_PRESETS：全部 kg 都係非負、id 唯一
  ---
  duration_ms: 0.4029
  type: 'test'
  ...
# Subtest: buildScaleLabel：有 PLU → 出得到標準變重碼 21+PLU(5)+克(5)
ok 524 - buildScaleLabel：有 PLU → 出得到標準變重碼 21+PLU(5)+克(5)
  ---
  duration_ms: 0.6981
  type: 'test'
  ...
# Subtest: buildScaleLabel：冇 PLU → 唔出條碼（認唔返商品）
ok 525 - buildScaleLabel：冇 PLU → 唔出條碼（認唔返商品）
  ---
  duration_ms: 0.4118
  type: 'test'
  ...
# Subtest: buildScaleLabel：PLU 補零到 5 位
ok 526 - buildScaleLabel：PLU 補零到 5 位
  ---
  duration_ms: 0.3374
  type: 'test'
  ...
# Subtest: buildScaleLabel：文字行含商品名 / 淨重 / 單價 / 金額
ok 527 - buildScaleLabel：文字行含商品名 / 淨重 / 單價 / 金額
  ---
  duration_ms: 0.7916
  type: 'test'
  ...
# Subtest: buildScaleLabel：克數超出 5 位時截取末 5 位（唔會爆長度）
ok 528 - buildScaleLabel：克數超出 5 位時截取末 5 位（唔會爆長度）
  ---
  duration_ms: 0.384
  type: 'test'
  ...
# Subtest: weightFromAmount：金額 ÷ 單價 = 重量
ok 529 - weightFromAmount：金額 ÷ 單價 = 重量
  ---
  duration_ms: 0.3325
  type: 'test'
  ...
# Subtest: weightFromAmount：單價 0 → null（反推唔到）
ok 530 - weightFromAmount：單價 0 → null（反推唔到）
  ---
  duration_ms: 0.2965
  type: 'test'
  ...
# Subtest: weightFromAmount：負金額夾成 0
ok 531 - weightFromAmount：負金額夾成 0
  ---
  duration_ms: 0.3577
  type: 'test'
  ...
# Subtest: describeRuleMatch：PLU 正常 → ok
ok 532 - describeRuleMatch：PLU 正常 → ok
  ---
  duration_ms: 3.1184
  type: 'test'
  ...
# Subtest: describeRuleMatch：冇 PLU → 唔 ok（秤端只認 PLU）
ok 533 - describeRuleMatch：冇 PLU → 唔 ok（秤端只認 PLU）
  ---
  duration_ms: 0.471
  type: 'test'
  ...
# Subtest: describeRuleMatch：PLU 太長 → 唔 ok
ok 534 - describeRuleMatch：PLU 太長 → 唔 ok
  ---
  duration_ms: 0.3984
  type: 'test'
  ...
# Subtest: describeRuleMatch：規則冇前綴 → 唔 ok
ok 535 - describeRuleMatch：規則冇前綴 → 唔 ok
  ---
  duration_ms: 0.3615
  type: 'test'
  ...
# (node:18012) [MODULE_TYPELESS_PACKAGE_JSON] Warning: Module type of file:///C:/dev/macauPos/macauPosSystem/src/lib/retail/printer-roles.test.ts is not specified and it doesn't parse as CommonJS.
# Reparsing as ES module because module syntax was detected. This incurs a performance overhead.
# To eliminate this warning, add "type": "module" to C:\\dev\\macauPos\\macauPosSystem\\package.json.
# (Use `node --trace-warnings ...` to show where the warning was created)
# Subtest: sanitizeRoles：去重 / 保序 / 剔走非法值
ok 536 - sanitizeRoles：去重 / 保序 / 剔走非法值
  ---
  duration_ms: 5.6116
  type: 'test'
  ...
# Subtest: 🔴 printerRolesOf：舊設定（只有單值 role）要照樣推導到 —— 唔使遷移
ok 537 - 🔴 printerRolesOf：舊設定（只有單值 role）要照樣推導到 —— 唔使遷移
  ---
  duration_ms: 1.2181
  type: 'test'
  ...
# Subtest: 🔴 printerRolesOf：roles 有值就為準，空陣列 = 明確停用（唔可以退回 role）
ok 538 - 🔴 printerRolesOf：roles 有值就為準，空陣列 = 明確停用（唔可以退回 role）
  ---
  duration_ms: 0.901
  type: 'test'
  ...
# Subtest: hasPrinterRole / canPrintReceipt / canPrintLabel / isZonePrinter
ok 539 - hasPrinterRole / canPrintReceipt / canPrintLabel / isZonePrinter
  ---
  duration_ms: 1.3486
  type: 'test'
  ...
# Subtest: isDualRolePrinter：一機兩用要認得出
ok 540 - isDualRolePrinter：一機兩用要認得出
  ---
  duration_ms: 1.199
  type: 'test'
  ...
# Subtest: withRoles：roles 一定寫明確值，而 role 同步成第一個（令未讀 roles 嘅舊代碼行為合理）
ok 541 - withRoles：roles 一定寫明確值，而 role 同步成第一個（令未讀 roles 嘅舊代碼行為合理）
  ---
  duration_ms: 1.0733
  type: 'test'
  ...
# Subtest: describePrinterRoles：講人話，一機兩用要一眼睇得出
ok 542 - describePrinterRoles：講人話，一機兩用要一眼睇得出
  ---
  duration_ms: 1.549
  type: 'test'
  ...
# (node:1916) [MODULE_TYPELESS_PACKAGE_JSON] Warning: Module type of file:///C:/dev/macauPos/macauPosSystem/src/lib/retail/receipt-retail-blocks.test.ts is not specified and it doesn't parse as CommonJS.
# Reparsing as ES module because module syntax was detected. This incurs a performance overhead.
# To eliminate this warning, add "type": "module" to C:\\dev\\macauPos\\macauPosSystem\\package.json.
# (Use `node --trace-warnings ...` to show where the warning was created)
# Subtest: buildSplitPaymentLines：每筆一行、自我描述（唔另加標題行）
ok 543 - buildSplitPaymentLines：每筆一行、自我描述（唔另加標題行）
  ---
  duration_ms: 4.8528
  type: 'test'
  ...
# Subtest: 🔴 buildSplitPaymentLines：0 金額嘅筆數要略過（唔可以印 $0.00 一行）
ok 544 - 🔴 buildSplitPaymentLines：0 金額嘅筆數要略過（唔可以印 $0.00 一行）
  ---
  duration_ms: 0.8441
  type: 'test'
  ...
# Subtest: 🔴 buildSplitPaymentLines：冇資料 / 全 0 → 空字串（區塊自動略過）
ok 545 - 🔴 buildSplitPaymentLines：冇資料 / 全 0 → 空字串（區塊自動略過）
  ---
  duration_ms: 0.5116
  type: 'test'
  ...
# Subtest: buildSplitPaymentLines：標籤空白要有 fallback，唔可以出「: $300.00」
ok 546 - buildSplitPaymentLines：標籤空白要有 fallback，唔可以出「: $300.00」
  ---
  duration_ms: 0.5788
  type: 'test'
  ...
# Subtest: buildSplitPaymentLines：NaN / Infinity 唔可以印出嚟
ok 547 - buildSplitPaymentLines：NaN / Infinity 唔可以印出嚟
  ---
  duration_ms: 0.8586
  type: 'test'
  ...
# Subtest: buildSplitPaymentLines：3 筆以上照樣逐行
ok 548 - buildSplitPaymentLines：3 筆以上照樣逐行
  ---
  duration_ms: 0.5608
  type: 'test'
  ...
# Subtest: buildPointsEarnedLine：賺取 + 結餘都有
ok 549 - buildPointsEarnedLine：賺取 + 結餘都有
  ---
  duration_ms: 5.3972
  type: 'test'
  ...
# Subtest: buildPointsEarnedLine：只有賺取 / 只有結餘
ok 550 - buildPointsEarnedLine：只有賺取 / 只有結餘
  ---
  duration_ms: 0.5551
  type: 'test'
  ...
# Subtest: 🔴 buildPointsEarnedLine：賺取 0 分唔算有資料（冇會員 / 未登入唔應該出「本單 +0」）
ok 551 - 🔴 buildPointsEarnedLine：賺取 0 分唔算有資料（冇會員 / 未登入唔應該出「本單 +0」）
  ---
  duration_ms: 1.3926
  type: 'test'
  ...
# Subtest: buildPointsEarnedLine：負分（退貨扣分）要顯示負號，唔可以強加 +
ok 552 - buildPointsEarnedLine：負分（退貨扣分）要顯示負號，唔可以強加 +
  ---
  duration_ms: 1.5878
  type: 'test'
  ...
# Subtest: buildPointsEarnedLine：非有限值當冇
ok 553 - buildPointsEarnedLine：非有限值當冇
  ---
  duration_ms: 0.6729
  type: 'test'
  ...
# Subtest: buildExchangeOfLine：有值就出「換貨單: 原單 X」
ok 554 - buildExchangeOfLine：有值就出「換貨單: 原單 X」
  ---
  duration_ms: 0.4182
  type: 'test'
  ...
# Subtest: 🔴 buildExchangeOfLine：空白 / undefined / null → 空字串（非換貨單唔出）
ok 555 - 🔴 buildExchangeOfLine：空白 / undefined / null → 空字串（非換貨單唔出）
  ---
  duration_ms: 0.3426
  type: 'test'
  ...
# Subtest: 🔴 buildReturnPolicyText：一定要 trim（打咗空格 = 冇填，唔可以佔一行紙）
ok 556 - 🔴 buildReturnPolicyText：一定要 trim（打咗空格 = 冇填，唔可以佔一行紙）
  ---
  duration_ms: 0.34
  type: 'test'
  ...
# Subtest: buildReturnPolicyText：保留內部換行（商家可以寫兩行條款）
ok 557 - buildReturnPolicyText：保留內部換行（商家可以寫兩行條款）
  ---
  duration_ms: 0.2485
  type: 'test'
  ...
# Subtest: 🔴 buildRetailReceiptBlocks：零售單（拆分付款 + 積分 + 條款）
ok 558 - 🔴 buildRetailReceiptBlocks：零售單（拆分付款 + 積分 + 條款）
  ---
  duration_ms: 0.5712
  type: 'test'
  ...
# Subtest: 🔴 buildRetailReceiptBlocks：餐飲單 → 四個全部空（現有商戶零影響）
ok 559 - 🔴 buildRetailReceiptBlocks：餐飲單 → 四個全部空（現有商戶零影響）
  ---
  duration_ms: 5.3439
  type: 'test'
  ...
# Subtest: buildRetailReceiptBlocks：換貨單要出原單號
ok 560 - buildRetailReceiptBlocks：換貨單要出原單號
  ---
  duration_ms: 0.8117
  type: 'test'
  ...
# (node:11572) [MODULE_TYPELESS_PACKAGE_JSON] Warning: Module type of file:///C:/dev/macauPos/macauPosSystem/src/lib/retail/retail-cart.test.ts is not specified and it doesn't parse as CommonJS.
# Reparsing as ES module because module syntax was detected. This incurs a performance overhead.
# To eliminate this warning, add "type": "module" to C:\\dev\\macauPos\\macauPosSystem\\package.json.
# (Use `node --trace-warnings ...` to show where the warning was created)
# Subtest: addRetailLine：同商品同價 → 合併數量（唔會出兩行）
ok 561 - addRetailLine：同商品同價 → 合併數量（唔會出兩行）
  ---
  duration_ms: 6.3381
  type: 'test'
  ...
# Subtest: 🔴 唔同折扣唔可以合併（否則「原價」同「8 折」變一行 → 帳目錯）
ok 562 - 🔴 唔同折扣唔可以合併（否則「原價」同「8 折」變一行 → 帳目錯）
  ---
  duration_ms: 5.7873
  type: 'test'
  ...
# Subtest: 🔴 唔同改價唔可以合併
ok 563 - 🔴 唔同改價唔可以合併
  ---
  duration_ms: 1.1363
  type: 'test'
  ...
# Subtest: 🔴 定額折扣唔同唔可以合併
ok 564 - 🔴 定額折扣唔同唔可以合併
  ---
  duration_ms: 0.8793
  type: 'test'
  ...
# Subtest: 備註唔同唔可以合併
ok 565 - 備註唔同唔可以合併
  ---
  duration_ms: 0.771
  type: 'test'
  ...
# Subtest: 🔴 稱重行永遠唔合併（每次秤重係獨立一件實物）
ok 566 - 🔴 稱重行永遠唔合併（每次秤重係獨立一件實物）
  ---
  duration_ms: 2.727
  type: 'test'
  ...
# Subtest: 🔴 序號行永遠唔合併（一物一碼）
ok 567 - 🔴 序號行永遠唔合併（一物一碼）
  ---
  duration_ms: 2.9155
  type: 'test'
  ...
# Subtest: 🔴 已存在嘅稱重行唔可以被同簽名嘅新行合併（同上一類 bug）
ok 568 - 🔴 已存在嘅稱重行唔可以被同簽名嘅新行合併（同上一類 bug）
  ---
  duration_ms: 0.8717
  type: 'test'
  ...
# Subtest: retailLineSignature：牌價 / 改價 / 折扣 / 備註都會影響簽名
ok 569 - retailLineSignature：牌價 / 改價 / 折扣 / 備註都會影響簽名
  ---
  duration_ms: 1.9918
  type: 'test'
  ...
# Subtest: changeRetailQty / setRetailQty：歸零即移除
ok 570 - changeRetailQty / setRetailQty：歸零即移除
  ---
  duration_ms: 2.9521
  type: 'test'
  ...
# Subtest: changeRetailQty：唔會變負數
ok 571 - changeRetailQty：唔會變負數
  ---
  duration_ms: 0.9184
  type: 'test'
  ...
# Subtest: removeRetailLine / findRetailLine
ok 572 - removeRetailLine / findRetailLine
  ---
  duration_ms: 0.8259
  type: 'test'
  ...
# Subtest: setLinePriceOverride：傳 undefined 要真正清走個欄位（唔可以留 undefined 令簽名變咗）
ok 573 - setLinePriceOverride：傳 undefined 要真正清走個欄位（唔可以留 undefined 令簽名變咗）
  ---
  duration_ms: 5.3252
  type: 'test'
  ...
# Subtest: setLinePriceOverride：負數夾做 0
ok 574 - setLinePriceOverride：負數夾做 0
  ---
  duration_ms: 3.4153
  type: 'test'
  ...
# Subtest: setLineDiscount：rate >= 100 或 0 定額 = 清除折扣
ok 575 - setLineDiscount：rate >= 100 或 0 定額 = 清除折扣
  ---
  duration_ms: 0.9994
  type: 'test'
  ...
# Subtest: setLineNote：空白等於清走
ok 576 - setLineNote：空白等於清走
  ---
  duration_ms: 0.6566
  type: 'test'
  ...
# Subtest: setLineSerial：清走序號時唔會留低 nonMergeable（否則永遠合併唔到）
ok 577 - setLineSerial：清走序號時唔會留低 nonMergeable（否則永遠合併唔到）
  ---
  duration_ms: 0.4811
  type: 'test'
  ...
# Subtest: effectiveUnitPrice / lineQuantityFactor：改價優先、稱重用重量
ok 578 - effectiveUnitPrice / lineQuantityFactor：改價優先、稱重用重量
  ---
  duration_ms: 0.6774
  type: 'test'
  ...
# Subtest: 折扣率語義同 pos/discount.ts 一致：80 = 8 折
ok 579 - 折扣率語義同 pos/discount.ts 一致：80 = 8 折
  ---
  duration_ms: 0.7416
  type: 'test'
  ...
# Subtest: 定額折 + 折扣率可以同時用（先 rate 後 amount）
ok 580 - 定額折 + 折扣率可以同時用（先 rate 後 amount）
  ---
  duration_ms: 0.9999
  type: 'test'
  ...
# Subtest: 🔴 折扣唔可以折到負數（夾喺 [0, gross]）
ok 581 - 🔴 折扣唔可以折到負數（夾喺 [0, gross]）
  ---
  duration_ms: 0.848
  type: 'test'
  ...
# Subtest: lineHasManualAdjustment：改價 / 折扣 / 定額折都算
ok 582 - lineHasManualAdjustment：改價 / 折扣 / 定額折都算
  ---
  duration_ms: 7.337
  type: 'test'
  ...
# Subtest: 🔴 retailOrderTotals：確認稿嘅 7 項購物車 → 小計 $488.80 / 折扣 $39.80 / 應收 $449.00
ok 583 - 🔴 retailOrderTotals：確認稿嘅 7 項購物車 → 小計 $488.80 / 折扣 $39.80 / 應收 $449.00
  ---
  duration_ms: 1.5041
  type: 'test'
  ...
# Subtest: retailOrderTotals：整單折扣率 + 定額，夾喺 netSubtotal
ok 584 - retailOrderTotals：整單折扣率 + 定額，夾喺 netSubtotal
  ---
  duration_ms: 1.4926
  type: 'test'
  ...
# Subtest: retailOrderTotals：空車 → 全 0（唔會 NaN）
ok 585 - retailOrderTotals：空車 → 全 0（唔會 NaN）
  ---
  duration_ms: 0.7288
  type: 'test'
  ...
# Subtest: retailOrderTotals：改價 + 單品折扣同時存在（totalSaving 要包晒兩樣）
ok 586 - retailOrderTotals：改價 + 單品折扣同時存在（totalSaving 要包晒兩樣）
  ---
  duration_ms: 0.6017
  type: 'test'
  ...
# Subtest: adjustmentRequiresApproval：任何改價都要閘；大額折扣 / 定額折都要閘
ok 587 - adjustmentRequiresApproval：任何改價都要閘；大額折扣 / 定額折都要閘
  ---
  duration_ms: 0.7339
  type: 'test'
  ...
# Subtest: adjustmentRequiresApproval：改到低於成本一定閘
ok 588 - adjustmentRequiresApproval：改到低於成本一定閘
  ---
  duration_ms: 0.4175
  type: 'test'
  ...
# (node:11644) [MODULE_TYPELESS_PACKAGE_JSON] Warning: Module type of file:///C:/dev/macauPos/macauPosSystem/src/lib/retail/retail-label-content.test.ts is not specified and it doesn't parse as CommonJS.
# Reparsing as ES module because module syntax was detected. This incurs a performance overhead.
# To eliminate this warning, add "type": "module" to C:\\dev\\macauPos\\macauPosSystem\\package.json.
# (Use `node --trace-warnings ...` to show where the warning was created)
# Subtest: charWidth：全角算 2、半角算 1
ok 589 - charWidth：全角算 2、半角算 1
  ---
  duration_ms: 5.7674
  type: 'test'
  ...
# Subtest: 🔴 displayWidth：中文名一定要用顯示闊度（唔可以當 length）
ok 590 - 🔴 displayWidth：中文名一定要用顯示闊度（唔可以當 length）
  ---
  duration_ms: 6.6694
  type: 'test'
  ...
# Subtest: 🔴 wrapToWidth：按顯示闊度摺行（按 length 摺會令中文一行塞爆）
ok 591 - 🔴 wrapToWidth：按顯示闊度摺行（按 length 摺會令中文一行塞爆）
  ---
  duration_ms: 2.163
  type: 'test'
  ...
# Subtest: wrapToWidth：短字串唔摺
ok 592 - wrapToWidth：短字串唔摺
  ---
  duration_ms: 0.6016
  type: 'test'
  ...
# Subtest: 🔴 wrapToWidth：超出 maxLines → 最後一行加 `…`（唔可以靜默截斷）
ok 593 - 🔴 wrapToWidth：超出 maxLines → 最後一行加 `…`（唔可以靜默截斷）
  ---
  duration_ms: 0.9689
  type: 'test'
  ...
# Subtest: wrapToWidth：欄寬太細要有下限（唔可以無限 0 或負數）
ok 594 - wrapToWidth：欄寬太細要有下限（唔可以無限 0 或負數）
  ---
  duration_ms: 13.9652
  type: 'test'
  ...
# Subtest: unitLabel：稱重商品要講清「每 kg」
ok 595 - unitLabel：稱重商品要講清「每 kg」
  ---
  duration_ms: 1.1397
  type: 'test'
  ...
# Subtest: buildRetailLabelContent：基本價籤（店名 / 名 / 售價 / 單位 / 條碼）
ok 596 - buildRetailLabelContent：基本價籤（店名 / 名 / 售價 / 單位 / 條碼）
  ---
  duration_ms: 1.2677
  type: 'test'
  ...
# Subtest: 🔴 buildRetailLabelContent：冇原價 / 原價唔高過售價 → 唔印（唔可以出「售價 $10 / 原價 $10」）
ok 597 - 🔴 buildRetailLabelContent：冇原價 / 原價唔高過售價 → 唔印（唔可以出「售價 $10 / 原價 $10」）
  ---
  duration_ms: 1.9817
  type: 'test'
  ...
# Subtest: buildRetailLabelContent：稱重商品要印 PLU（店員對秤用）
ok 598 - buildRetailLabelContent：稱重商品要印 PLU（店員對秤用）
  ---
  duration_ms: 2.2431
  type: 'test'
  ...
# Subtest: 🔴 buildRetailLabelContent：冇條碼 / 冇 PLU / 冇頁尾 → 空字串（唔可以出空行）
ok 599 - 🔴 buildRetailLabelContent：冇條碼 / 冇 PLU / 冇頁尾 → 空字串（唔可以出空行）
  ---
  duration_ms: 1.2103
  type: 'test'
  ...
# Subtest: buildRetailLabelContent：售價 0 / 壞值 → 唔印（唔可以出 $0.00）
ok 600 - buildRetailLabelContent：售價 0 / 壞值 → 唔印（唔可以出 $0.00）
  ---
  duration_ms: 0.6799
  type: 'test'
  ...
# Subtest: buildRetailLabelContent：日期 / 頁尾要 trim（打咗空格 = 冇填）
ok 601 - buildRetailLabelContent：日期 / 頁尾要 trim（打咗空格 = 冇填）
  ---
  duration_ms: 0.5631
  type: 'test'
  ...
# Subtest: buildRetailLabelContent：長商品名要預先摺行（唔好靠打印機自動摺）
ok 602 - buildRetailLabelContent：長商品名要預先摺行（唔好靠打印機自動摺）
  ---
  duration_ms: 0.7124
  type: 'test'
  ...
# Subtest: describeLabel：UI 摘要
ok 603 - describeLabel：UI 摘要
  ---
  duration_ms: 0.5329
  type: 'test'
  ...
# (node:11524) [MODULE_TYPELESS_PACKAGE_JSON] Warning: Module type of file:///C:/dev/macauPos/macauPosSystem/src/lib/retail/returns.test.ts is not specified and it doesn't parse as CommonJS.
# Reparsing as ES module because module syntax was detected. This incurs a performance overhead.
# To eliminate this warning, add "type": "module" to C:\\dev\\macauPos\\macauPosSystem\\package.json.
# (Use `node --trace-warnings ...` to show where the warning was created)
# Subtest: isRetailOrder：counter + 「零售」才算零售單
ok 604 - isRetailOrder：counter + 「零售」才算零售單
  ---
  duration_ms: 6.954
  type: 'test'
  ...
# Subtest: isRefundableStatus：只可以退 settled / partially_refunded
ok 605 - isRefundableStatus：只可以退 settled / partially_refunded
  ---
  duration_ms: 1.0021
  type: 'test'
  ...
# Subtest: lookupReturnableOrders：按單號命中（容錯『07』）
ok 606 - lookupReturnableOrders：按單號命中（容錯『07』）
  ---
  duration_ms: 2.1783
  type: 'test'
  ...
# Subtest: lookupReturnableOrders：按序號 / 條碼命中並帶行索引
ok 607 - lookupReturnableOrders：按序號 / 條碼命中並帶行索引
  ---
  duration_ms: 1.4932
  type: 'test'
  ...
# Subtest: lookupReturnableOrders：唔會撈到餐飲單 / 已取消單
ok 608 - lookupReturnableOrders：唔會撈到餐飲單 / 已取消單
  ---
  duration_ms: 0.8099
  type: 'test'
  ...
# Subtest: lookupReturnableOrders：空查詢回空
ok 609 - lookupReturnableOrders：空查詢回空
  ---
  duration_ms: 3.8131
  type: 'test'
  ...
# Subtest: lineNetOfItem：基本 price × quantity
ok 610 - lineNetOfItem：基本 price × quantity
  ---
  duration_ms: 1.3108
  type: 'test'
  ...
# Subtest: lineNetOfItem：折扣率 rate 語義（80 = 收 8 成）
ok 611 - lineNetOfItem：折扣率 rate 語義（80 = 收 8 成）
  ---
  duration_ms: 0.6084
  type: 'test'
  ...
# Subtest: lineNetOfItem：稱重行以 weightKg 為乘數
ok 612 - lineNetOfItem：稱重行以 weightKg 為乘數
  ---
  duration_ms: 2.3095
  type: 'test'
  ...
# Subtest: lineNetOfItem：改價後 price 已係實際價（唔會再乘原始價）
ok 613 - lineNetOfItem：改價後 price 已係實際價（唔會再乘原始價）
  ---
  duration_ms: 2.4892
  type: 'test'
  ...
# Subtest: returnedQtyByKey：累加多筆紀錄（唔止睇最後一筆）
ok 614 - returnedQtyByKey：累加多筆紀錄（唔止睇最後一筆）
  ---
  duration_ms: 3.099
  type: 'test'
  ...
# Subtest: returnableLines：剩餘數量 = 售出 − 已退
ok 615 - returnableLines：剩餘數量 = 售出 − 已退
  ---
  duration_ms: 0.8439
  type: 'test'
  ...
# Subtest: returnableLines：稱重行剩餘用 kg
ok 616 - returnableLines：稱重行剩餘用 kg
  ---
  duration_ms: 0.7858
  type: 'test'
  ...
# Subtest: computeReturn：整行退 → 退款 = 行實收
ok 617 - computeReturn：整行退 → 退款 = 行實收
  ---
  duration_ms: 4.0787
  type: 'test'
  ...
# Subtest: computeReturn：部分退（3 件退 1 件 → 退 1/3）
ok 618 - computeReturn：部分退（3 件退 1 件 → 退 1/3）
  ---
  duration_ms: 1.0128
  type: 'test'
  ...
# Subtest: computeReturn：打過折嘅單唔可以退足牌價
ok 619 - computeReturn：打過折嘅單唔可以退足牌價
  ---
  duration_ms: 0.8711
  type: 'test'
  ...
# Subtest: computeReturn：改價單退實際收嘅價
ok 620 - computeReturn：改價單退實際收嘅價
  ---
  duration_ms: 0.8682
  type: 'test'
  ...
# Subtest: computeReturn：超出剩餘 → 報 exceeds 唔可以靜默
ok 621 - computeReturn：超出剩餘 → 報 exceeds 唔可以靜默
  ---
  duration_ms: 0.5833
  type: 'test'
  ...
# Subtest: computeReturn：搵唔到嘅 key → not-found
ok 622 - computeReturn：搵唔到嘅 key → not-found
  ---
  duration_ms: 0.7474
  type: 'test'
  ...
# Subtest: computeReturn：數量 0 / 負數 → invalid
ok 623 - computeReturn：數量 0 / 負數 → invalid
  ---
  duration_ms: 0.6639
  type: 'test'
  ...
# Subtest: computeReturn：空 pick → 唔 ok
ok 624 - computeReturn：空 pick → 唔 ok
  ---
  duration_ms: 0.3971
  type: 'test'
  ...
# Subtest: computeReturn：稱重行按比例退（1.5kg 退 0.5kg → 退 1/3 錢）
ok 625 - computeReturn：稱重行按比例退（1.5kg 退 0.5kg → 退 1/3 錢）
  ---
  duration_ms: 1.0154
  type: 'test'
  ...
# Subtest: computeReturn：稱重行退足重量 → 全退
ok 626 - computeReturn：稱重行退足重量 → 全退
  ---
  duration_ms: 7.6293
  type: 'test'
  ...
# Subtest: computeReturn：稱重行超重 → exceeds
ok 627 - computeReturn：稱重行超重 → exceeds
  ---
  duration_ms: 0.5997
  type: 'test'
  ...
# Subtest: computeReturn：多行部分退 → 各行加總 = 退款總額
ok 628 - computeReturn：多行部分退 → 各行加總 = 退款總額
  ---
  duration_ms: 0.9783
  type: 'test'
  ...
# Subtest: computeReturn：整單折扣按比例回贈（唔可以退足商品價）
ok 629 - computeReturn：整單折扣按比例回贈（唔可以退足商品價）
  ---
  duration_ms: 0.8168
  type: 'test'
  ...
# Subtest: computeReturn：單品折扣唔會被當成整單折扣重複扣
ok 630 - computeReturn：單品折扣唔會被當成整單折扣重複扣
  ---
  duration_ms: 0.6291
  type: 'test'
  ...
# Subtest: computeReturn：分兩次退可以退足（唔會少退）
ok 631 - computeReturn：分兩次退可以退足（唔會少退）
  ---
  duration_ms: 1.6181
  type: 'test'
  ...
# Subtest: computeReturn：分兩次退唔可以超退
ok 632 - computeReturn：分兩次退唔可以超退
  ---
  duration_ms: 0.7323
  type: 'test'
  ...
# Subtest: splitRefundByMethod：單一付款 → 一筆
ok 633 - splitRefundByMethod：單一付款 → 一筆
  ---
  duration_ms: 0.4127
  type: 'test'
  ...
# Subtest: splitRefundByMethod：拆分付款按比例
ok 634 - splitRefundByMethod：拆分付款按比例
  ---
  duration_ms: 0.6673
  type: 'test'
  ...
# Subtest: splitRefundByMethod：尾差補落最後一筆（總和一定對得上）
ok 635 - splitRefundByMethod：尾差補落最後一筆（總和一定對得上）
  ---
  duration_ms: 0.5084
  type: 'test'
  ...
# Subtest: splitRefundByMethod：退款 0 → 空清單
ok 636 - splitRefundByMethod：退款 0 → 空清單
  ---
  duration_ms: 0.3805
  type: 'test'
  ...
# Subtest: computeReturn：退款分攤接上原單付款方式
ok 637 - computeReturn：退款分攤接上原單付款方式
  ---
  duration_ms: 0.6885
  type: 'test'
  ...
# Subtest: applyReturnToOrder：追加 refundRecords（唔覆寫）
ok 638 - applyReturnToOrder：追加 refundRecords（唔覆寫）
  ---
  duration_ms: 1.09
  type: 'test'
  ...
# Subtest: applyReturnToOrder：全退 → status refunded
ok 639 - applyReturnToOrder：全退 → status refunded
  ---
  duration_ms: 3.8243
  type: 'test'
  ...
# Subtest: applyReturnToOrder：部分退 → status partially_refunded
ok 640 - applyReturnToOrder：部分退 → status partially_refunded
  ---
  duration_ms: 0.73
  type: 'test'
  ...
# Subtest: applyReturnToOrder：一定寫 clientUpdatedAt（LWW）
ok 641 - applyReturnToOrder：一定寫 clientUpdatedAt（LWW）
  ---
  duration_ms: 0.8581
  type: 'test'
  ...
# Subtest: applyReturnToOrder：已取消單唔可以退
ok 642 - applyReturnToOrder：已取消單唔可以退
  ---
  duration_ms: 1.9551
  type: 'test'
  ...
# Subtest: applyReturnToOrder：記低操作人
ok 643 - applyReturnToOrder：記低操作人
  ---
  duration_ms: 0.9063
  type: 'test'
  ...
# Subtest: restockLines：普通行出件數
ok 644 - restockLines：普通行出件數
  ---
  duration_ms: 0.9059
  type: 'test'
  ...
# Subtest: restockLines：稱重行出 weightKg + isWeighed
ok 645 - restockLines：稱重行出 weightKg + isWeighed
  ---
  duration_ms: 0.6501
  type: 'test'
  ...
# Subtest: restockLines：帶變體 id
ok 646 - restockLines：帶變體 id
  ---
  duration_ms: 0.7004
  type: 'test'
  ...
# Subtest: shouldRestock：正常原因要回補
ok 647 - shouldRestock：正常原因要回補
  ---
  duration_ms: 0.6821
  type: 'test'
  ...
# Subtest: shouldRestock：破損 / 過期 / 生鮮唔回補
ok 648 - shouldRestock：破損 / 過期 / 生鮮唔回補
  ---
  duration_ms: 0.4884
  type: 'test'
  ...
# Subtest: planExchange：補錢
ok 649 - planExchange：補錢
  ---
  duration_ms: 1.3241
  type: 'test'
  ...
# Subtest: planExchange：退錢
ok 650 - planExchange：退錢
  ---
  duration_ms: 0.4728
  type: 'test'
  ...
# Subtest: planExchange：金額相同
ok 651 - planExchange：金額相同
  ---
  duration_ms: 0.3585
  type: 'test'
  ...
# Subtest: returnableLines：空 items 唔會爆
ok 652 - returnableLines：空 items 唔會爆
  ---
  duration_ms: 0.3872
  type: 'test'
  ...
# Subtest: returnItemKey：同商品唔同規格分開
ok 653 - returnItemKey：同商品唔同規格分開
  ---
  duration_ms: 0.6209
  type: 'test'
  ...
# Subtest: returnItemKey：同商品同規格同價 = 同一鍵
ok 654 - returnItemKey：同商品同規格同價 = 同一鍵
  ---
  duration_ms: 0.4305
  type: 'test'
  ...
# Subtest: returnItemKey：冇識別欄位時用索引兜底（唔會空字串）
ok 655 - returnItemKey：冇識別欄位時用索引兜底（唔會空字串）
  ---
  duration_ms: 0.5765
  type: 'test'
  ...
# Subtest: computeReturn：唔會改動原 order 物件
ok 656 - computeReturn：唔會改動原 order 物件
  ---
  duration_ms: 0.5653
  type: 'test'
  ...
# Subtest: computeReturn：改價單部分退按實際價均攤
ok 657 - computeReturn：改價單部分退按實際價均攤
  ---
  duration_ms: 0.5396
  type: 'test'
  ...
# (node:2492) [MODULE_TYPELESS_PACKAGE_JSON] Warning: Module type of file:///C:/dev/macauPos/macauPosSystem/src/lib/retail/scanner-profiles.test.ts is not specified and it doesn't parse as CommonJS.
# Reparsing as ES module because module syntax was detected. This incurs a performance overhead.
# To eliminate this warning, add "type": "module" to C:\\dev\\macauPos\\macauPosSystem\\package.json.
# (Use `node --trace-warnings ...` to show where the warning was created)
# Subtest: median：單數 / 雙數 / 空 / 單一值
ok 658 - median：單數 / 雙數 / 空 / 單一值
  ---
  duration_ms: 5.9297
  type: 'test'
  ...
# Subtest: intervalsOf：每鍵間隔；時間戳不足回空
ok 659 - intervalsOf：每鍵間隔；時間戳不足回空
  ---
  duration_ms: 3.5874
  type: 'test'
  ...
# Subtest: commonPrefixOf：最長共同前綴
ok 660 - commonPrefixOf：最長共同前綴
  ---
  duration_ms: 0.9126
  type: 'test'
  ...
# Subtest: 🔴 extractPrefix：數字開頭嘅共同前綴唔可以當裝置前綴（否則剝錯令全部條碼對唔中）
ok 661 - 🔴 extractPrefix：數字開頭嘅共同前綴唔可以當裝置前綴（否則剝錯令全部條碼對唔中）
  ---
  duration_ms: 1.2214
  type: 'test'
  ...
# Subtest: extractPrefix：純符號前綴 → high（掃碼槍出廠前綴幾乎一定係符號）
ok 662 - extractPrefix：純符號前綴 → high（掃碼槍出廠前綴幾乎一定係符號）
  ---
  duration_ms: 1.0351
  type: 'test'
  ...
# Subtest: extractPrefix：字母前綴 → low（要商家喺測試框確認）
ok 663 - extractPrefix：字母前綴 → low（要商家喺測試框確認）
  ---
  duration_ms: 0.9351
  type: 'test'
  ...
# Subtest: learnProfile：無前綴嘅掃碼槍 → 學到速度 / 結尾 / 長度
ok 664 - learnProfile：無前綴嘅掃碼槍 → 學到速度 / 結尾 / 長度
  ---
  duration_ms: 2.5869
  type: 'test'
  ...
# Subtest: learnProfile：帶 `~` 前綴 → 剝到前綴，長度唔含前綴
ok 665 - learnProfile：帶 `~` 前綴 → 剝到前綴，長度唔含前綴
  ---
  duration_ms: 1.0225
  type: 'test'
  ...
# Subtest: 🔴 learnProfile：三次都掃同一個條碼 → 判斷唔到前綴，要出 warning 唔可以亂猜
ok 666 - 🔴 learnProfile：三次都掃同一個條碼 → 判斷唔到前綴，要出 warning 唔可以亂猜
  ---
  duration_ms: 2.6273
  type: 'test'
  ...
# Subtest: 🔴 learnProfile：人手打字速度 → ok:false（唔可以硬套 profile，否則之後人手打字會被當掃碼）
ok 667 - 🔴 learnProfile：人手打字速度 → ok:false（唔可以硬套 profile，否則之後人手打字會被當掃碼）
  ---
  duration_ms: 2.0761
  type: 'test'
  ...
# Subtest: learnProfile：樣本不足（少過 2 個）→ ok:false
ok 668 - learnProfile：樣本不足（少過 2 個）→ ok:false
  ---
  duration_ms: 0.7903
  type: 'test'
  ...
# Subtest: learnProfile：時間戳唔夠長嘅樣本要剔走
ok 669 - learnProfile：時間戳唔夠長嘅樣本要剔走
  ---
  duration_ms: 0.644
  type: 'test'
  ...
# Subtest: learnProfile：結尾字元唔一致 → 用 none（靠超時收尾）+ warning
ok 670 - learnProfile：結尾字元唔一致 → 用 none（靠超時收尾）+ warning
  ---
  duration_ms: 0.6398
  type: 'test'
  ...
# Subtest: learnProfile：三個樣本一致嘅 Tab 結尾 → 採用
ok 671 - learnProfile：三個樣本一致嘅 Tab 結尾 → 採用
  ---
  duration_ms: 0.8176
  type: 'test'
  ...
# Subtest: learnProfile：字母數字條碼 → charset alnum + warning
ok 672 - learnProfile：字母數字條碼 → charset alnum + warning
  ---
  duration_ms: 0.7537
  type: 'test'
  ...
# Subtest: learnProfile：字母前綴 → 採用但要 warning 提示確認
ok 673 - learnProfile：字母前綴 → 採用但要 warning 提示確認
  ---
  duration_ms: 0.6466
  type: 'test'
  ...
# Subtest: learnProfile：慢速但未到人手（例如 60ms）→ 仍然當掃碼槍，超時跟住放大
ok 674 - learnProfile：慢速但未到人手（例如 60ms）→ 仍然當掃碼槍，超時跟住放大
  ---
  duration_ms: 0.4981
  type: 'test'
  ...
# Subtest: learnProfile：超快掃描 → 超時夾到下限（唔可以細到切斷自己）
ok 675 - learnProfile：超快掃描 → 超時夾到下限（唔可以細到切斷自己）
  ---
  duration_ms: 0.5184
  type: 'test'
  ...
# Subtest: learnProfile：可以自訂 id / name
ok 676 - learnProfile：可以自訂 id / name
  ---
  duration_ms: 0.5077
  type: 'test'
  ...
# Subtest: toHexId：同 printer-models.ts 同一口徑
ok 677 - toHexId：同 printer-models.ts 同一口徑
  ---
  duration_ms: 0.883
  type: 'test'
  ...
# Subtest: 🔴 SCANNER_VENDORS：唔可以兩個品牌共用同一個 VID（資料有錯唔應該靜默）
ok 678 - 🔴 SCANNER_VENDORS：唔可以兩個品牌共用同一個 VID（資料有錯唔應該靜默）
  ---
  duration_ms: 0.8255
  type: 'test'
  ...
# Subtest: buildVendorIndex：已確認嘅 VID 對得中品牌
ok 679 - buildVendorIndex：已確認嘅 VID 對得中品牌
  ---
  duration_ms: 2.5703
  type: 'test'
  ...
# Subtest: resolveScannerMeta：認到 VID 但未有型號 → generic:true（用品牌預設）
ok 680 - resolveScannerMeta：認到 VID 但未有型號 → generic:true（用品牌預設）
  ---
  duration_ms: 0.6907
  type: 'test'
  ...
# Subtest: resolveScannerMeta：VID 都認唔到 → null（要回落自動學習，唔可以亂套預設）
ok 681 - resolveScannerMeta：VID 都認唔到 → null（要回落自動學習，唔可以亂套預設）
  ---
  duration_ms: 0.483
  type: 'test'
  ...
# Subtest: getScannerModelOptions：每個選項都有品牌 / 型號 / profile
ok 682 - getScannerModelOptions：每個選項都有品牌 / 型號 / profile
  ---
  duration_ms: 1.3582
  type: 'test'
  ...
# Subtest: profileFromBehavior：超時夾喺合法範圍
ok 683 - profileFromBehavior：超時夾喺合法範圍
  ---
  duration_ms: 0.6516
  type: 'test'
  ...
# Subtest: defaultScannerProfile：安全預設（未做任何設定時用）
ok 684 - defaultScannerProfile：安全預設（未做任何設定時用）
  ---
  duration_ms: 0.3936
  type: 'test'
  ...
# Subtest: describeSuffix：講人話，唔會露出枚舉值
ok 685 - describeSuffix：講人話，唔會露出枚舉值
  ---
  duration_ms: 0.3667
  type: 'test'
  ...
# Subtest: SCANNER_BEHAVIOR_PRESETS：id 唯一、都有名
ok 686 - SCANNER_BEHAVIOR_PRESETS：id 唯一、都有名
  ---
  duration_ms: 0.4531
  type: 'test'
  ...
# (node:18032) [MODULE_TYPELESS_PACKAGE_JSON] Warning: Module type of file:///C:/dev/macauPos/macauPosSystem/src/lib/retail/split-payment.test.ts is not specified and it doesn't parse as CommonJS.
# Reparsing as ES module because module syntax was detected. This incurs a performance overhead.
# To eliminate this warning, add "type": "module" to C:\\dev\\macauPos\\macauPosSystem\\package.json.
# (Use `node --trace-warnings ...` to show where the warning was created)
# Subtest: guessPaymentKind：認得常見中英文付款方式
ok 687 - guessPaymentKind：認得常見中英文付款方式
  ---
  duration_ms: 17.0241
  type: 'test'
  ...
# Subtest: kindRequiresTendered：只有現金要收錢找零
ok 688 - kindRequiresTendered：只有現金要收錢找零
  ---
  duration_ms: 0.8733
  type: 'test'
  ...
# Subtest: 🔴 normalizeRetailPaymentMethods：舊自由文字 string[] 要轉得晒（唔可以令現有商戶付款方式消失）
ok 689 - 🔴 normalizeRetailPaymentMethods：舊自由文字 string[] 要轉得晒（唔可以令現有商戶付款方式消失）
  ---
  duration_ms: 3.763
  type: 'test'
  ...
# Subtest: normalizeRetailPaymentMethods：id 穩定（兩次呼叫結果一致）
ok 690 - normalizeRetailPaymentMethods：id 穩定（兩次呼叫結果一致）
  ---
  duration_ms: 1.1651
  type: 'test'
  ...
# Subtest: normalizeRetailPaymentMethods：結構化項目原樣保留
ok 691 - normalizeRetailPaymentMethods：結構化項目原樣保留
  ---
  duration_ms: 0.9867
  type: 'test'
  ...
# Subtest: normalizeRetailPaymentMethods：混合 / 垃圾值 / 重複 id 都要處理到
ok 692 - normalizeRetailPaymentMethods：混合 / 垃圾值 / 重複 id 都要處理到
  ---
  duration_ms: 1.0971
  type: 'test'
  ...
# Subtest: buildSplitEntry：現金帶實收 → 自動算找零
ok 693 - buildSplitEntry：現金帶實收 → 自動算找零
  ---
  duration_ms: 0.8058
  type: 'test'
  ...
# Subtest: buildSplitEntry：非現金唔填 tendered
ok 694 - buildSplitEntry：非現金唔填 tendered
  ---
  duration_ms: 0.4804
  type: 'test'
  ...
# Subtest: splitPaidTotal / splitRemaining / splitOverpaid / isSplitSettled
ok 695 - splitPaidTotal / splitRemaining / splitOverpaid / isSplitSettled
  ---
  duration_ms: 1.8039
  type: 'test'
  ...
# Subtest: 🔴 銀行浮點：0.1 + 0.2 要當成收夠 0.3（唔可以令收銀撳唔到完成）
ok 696 - 🔴 銀行浮點：0.1 + 0.2 要當成收夠 0.3（唔可以令收銀撳唔到完成）
  ---
  duration_ms: 2.1043
  type: 'test'
  ...
# Subtest: appendSplitEntry：同一方法（都冇實收）會合併金額，唔會出兩行
ok 697 - appendSplitEntry：同一方法（都冇實收）會合併金額，唔會出兩行
  ---
  duration_ms: 1.1921
  type: 'test'
  ...
# Subtest: appendSplitEntry：帶實收嘅現金唔合併（每筆找零獨立）
ok 698 - appendSplitEntry：帶實收嘅現金唔合併（每筆找零獨立）
  ---
  duration_ms: 0.8951
  type: 'test'
  ...
# Subtest: removeSplitEntryAt / setSplitEntryAmount
ok 699 - removeSplitEntryAt / setSplitEntryAmount
  ---
  duration_ms: 1.6638
  type: 'test'
  ...
# Subtest: splitCashReceived / splitChangeDue：交班對帳用
ok 700 - splitCashReceived / splitChangeDue：交班對帳用
  ---
  duration_ms: 0.6196
  type: 'test'
  ...
# Subtest: suggestedTopUpAmount：「一鍵補齊」= 尚欠
ok 701 - suggestedTopUpAmount：「一鍵補齊」= 尚欠
  ---
  duration_ms: 0.3701
  type: 'test'
  ...
# Subtest: 🔴 validateSplitPayment：尚欠要講清楚（唔可以靜默 disable 個掣）
ok 702 - 🔴 validateSplitPayment：尚欠要講清楚（唔可以靜默 disable 個掣）
  ---
  duration_ms: 1.2077
  type: 'test'
  ...
# Subtest: validateSplitPayment：收夠 → ok
ok 703 - validateSplitPayment：收夠 → ok
  ---
  duration_ms: 0.7773
  type: 'test'
  ...
# Subtest: validateSplitPayment：未加入任何收款
ok 704 - validateSplitPayment：未加入任何收款
  ---
  duration_ms: 0.9294
  type: 'test'
  ...
# Subtest: validateSplitPayment：0 金額 / 現金實收不足要逐項報
ok 705 - validateSplitPayment：0 金額 / 現金實收不足要逐項報
  ---
  duration_ms: 0.9738
  type: 'test'
  ...
# Subtest: validateSplitPayment：非現金多收要報錯（唔可以當找零）
ok 706 - validateSplitPayment：非現金多收要報錯（唔可以當找零）
  ---
  duration_ms: 0.5604
  type: 'test'
  ...
# Subtest: describeSplitSummary：畀收據 / 對帳睇
ok 707 - describeSplitSummary：畀收據 / 對帳睇
  ---
  duration_ms: 0.47
  type: 'test'
  ...
# (node:21068) [MODULE_TYPELESS_PACKAGE_JSON] Warning: Module type of file:///C:/dev/macauPos/macauPosSystem/src/lib/retail/stock.test.ts is not specified and it doesn't parse as CommonJS.
# Reparsing as ES module because module syntax was detected. This incurs a performance overhead.
# To eliminate this warning, add "type": "module" to C:\\dev\\macauPos\\macauPosSystem\\package.json.
# (Use `node --trace-warnings ...` to show where the warning was created)
# Subtest: stockKey / currentStock
ok 708 - stockKey / currentStock
  ---
  duration_ms: 7.7779
  type: 'test'
  ...
# Subtest: mergeStockDeltas：同一目標合併，0 值剔走
ok 709 - mergeStockDeltas：同一目標合併，0 值剔走
  ---
  duration_ms: 1.2862
  type: 'test'
  ...
# Subtest: applyStockDeltas：基本扣減，其他商品保留原 reference
ok 710 - applyStockDeltas：基本扣減，其他商品保留原 reference
  ---
  duration_ms: 1.9973
  type: 'test'
  ...
# Subtest: 🔴 applyStockDeltas：扣到唔夠 → 夾 0 但一定要報 shortfall（唔可以靜默變負數）
ok 711 - 🔴 applyStockDeltas：扣到唔夠 → 夾 0 但一定要報 shortfall（唔可以靜默變負數）
  ---
  duration_ms: 0.6276
  type: 'test'
  ...
# Subtest: applyStockDeltas：唔追蹤庫存嘅商品唔會改，但會報 skipped
ok 712 - applyStockDeltas：唔追蹤庫存嘅商品唔會改，但會報 skipped
  ---
  duration_ms: 1.7281
  type: 'test'
  ...
# Subtest: applyStockDeltas：停售商品 / 對唔中商品
ok 713 - applyStockDeltas：停售商品 / 對唔中商品
  ---
  duration_ms: 0.9144
  type: 'test'
  ...
# Subtest: applyStockDeltas：變體扣減（母體唔動）
ok 714 - applyStockDeltas：變體扣減（母體唔動）
  ---
  duration_ms: 1.3346
  type: 'test'
  ...
# Subtest: 🔴 applyStockDeltas：有變體商品唔可以用母體數字扣（靜默扣母體 = 帳實不符）
ok 715 - 🔴 applyStockDeltas：有變體商品唔可以用母體數字扣（靜默扣母體 = 帳實不符）
  ---
  duration_ms: 0.9107
  type: 'test'
  ...
# Subtest: applyStockDeltas：變體 id 對唔中 → skipped
ok 716 - applyStockDeltas：變體 id 對唔中 → skipped
  ---
  duration_ms: 1.5914
  type: 'test'
  ...
# Subtest: stockDeltasForLines：普通商品扣件數
ok 717 - stockDeltasForLines：普通商品扣件數
  ---
  duration_ms: 4.1508
  type: 'test'
  ...
# Subtest: 🔴 stockDeltasForLines：稱重商品扣**重量**，唔係扣 1 件（扣錯單位庫存永遠錯）
ok 718 - 🔴 stockDeltasForLines：稱重商品扣**重量**，唔係扣 1 件（扣錯單位庫存永遠錯）
  ---
  duration_ms: 1.0175
  type: 'test'
  ...
# Subtest: stockDeltasForLines：稱重但冇重量 → 唔會扣（唔可以當扣 1）
ok 719 - stockDeltasForLines：稱重但冇重量 → 唔會扣（唔可以當扣 1）
  ---
  duration_ms: 0.4576
  type: 'test'
  ...
# Subtest: stockDeltasForLines：變體行帶 variantId
ok 720 - stockDeltasForLines：變體行帶 variantId
  ---
  duration_ms: 0.3815
  type: 'test'
  ...
# Subtest: 🔴 deductStockForLines：成張確認稿購物車扣減（稱重扣 0.35kg）
ok 721 - 🔴 deductStockForLines：成張確認稿購物車扣減（稱重扣 0.35kg）
  ---
  duration_ms: 1.2658
  type: 'test'
  ...
# Subtest: restoreStockForLines：退貨按重量回補
ok 722 - restoreStockForLines：退貨按重量回補
  ---
  duration_ms: 0.7243
  type: 'test'
  ...
# Subtest: lowStockItems：未設定 reorderLevel = 0（即係冇貨才提示）
ok 723 - lowStockItems：未設定 reorderLevel = 0（即係冇貨才提示）
  ---
  duration_ms: 1.0028
  type: 'test'
  ...
# Subtest: lowStockItems：有變體要逐個變體列，變體自己嘅警戒線優先
ok 724 - lowStockItems：有變體要逐個變體列，變體自己嘅警戒線優先
  ---
  duration_ms: 1.515
  type: 'test'
  ...
# Subtest: lowStockItems：唔追蹤庫存同停售商品唔列（否則永遠一堆假警報）
ok 725 - lowStockItems：唔追蹤庫存同停售商品唔列（否則永遠一堆假警報）
  ---
  duration_ms: 0.7534
  type: 'test'
  ...
# Subtest: lowStockItems：out 排前面，同severity 則數量少嘅先
ok 726 - lowStockItems：out 排前面，同severity 則數量少嘅先
  ---
  duration_ms: 0.6077
  type: 'test'
  ...
# Subtest: canFulfill：唔追蹤庫存一定可以；追蹤就要夠數；變體睇變體
ok 727 - canFulfill：唔追蹤庫存一定可以；追蹤就要夠數；變體睇變體
  ---
  duration_ms: 0.4729
  type: 'test'
  ...
# (node:13788) [MODULE_TYPELESS_PACKAGE_JSON] Warning: Module type of file:///C:/dev/macauPos/macauPosSystem/src/lib/retail/weighed-barcode.test.ts is not specified and it doesn't parse as CommonJS.
# Reparsing as ES module because module syntax was detected. This incurs a performance overhead.
# To eliminate this warning, add "type": "module" to C:\\dev\\macauPos\\macauPosSystem\\package.json.
# (Use `node --trace-warnings ...` to show where the warning was created)
# Subtest: normalizeScanInput：剝走結尾字元、空白同出廠前綴
ok 728 - normalizeScanInput：剝走結尾字元、空白同出廠前綴
  ---
  duration_ms: 4.982
  type: 'test'
  ...
# Subtest: isDigits：空字串唔算數字（唔可以當合法條碼）
ok 729 - isDigits：空字串唔算數字（唔可以當合法條碼）
  ---
  duration_ms: 1.1602
  type: 'test'
  ...
# Subtest: ean13CheckDigit：已知有效值 + 非法輸入回 null（唔可以回 0 造成假通過）
ok 730 - ean13CheckDigit：已知有效值 + 非法輸入回 null（唔可以回 0 造成假通過）
  ---
  duration_ms: 3.354
  type: 'test'
  ...
# Subtest: isValidEan13：校驗位錯 / 長度錯一律 false
ok 731 - isValidEan13：校驗位錯 / 長度錯一律 false
  ---
  duration_ms: 0.7002
  type: 'test'
  ...
# Subtest: matchWeighedRule：長前綴優先（唔可以被短前綴搶先命中）
ok 732 - matchWeighedRule：長前綴優先（唔可以被短前綴搶先命中）
  ---
  duration_ms: 0.79
  type: 'test'
  ...
# Subtest: isWeighedBarcode：只判斷前綴
ok 733 - isWeighedBarcode：只判斷前綴
  ---
  duration_ms: 0.7297
  type: 'test'
  ...
# Subtest: minLengthOf：PLU 尾 / 數值尾 / 校驗位取最大
ok 734 - minLengthOf：PLU 尾 / 數值尾 / 校驗位取最大
  ---
  duration_ms: 0.3411
  type: 'test'
  ...
# Subtest: parseWeighedBarcode：重量碼 → PLU + kg
ok 735 - parseWeighedBarcode：重量碼 → PLU + kg
  ---
  duration_ms: 0.6723
  type: 'test'
  ...
# Subtest: parseWeighedBarcode：金額碼 → PLU + 元（唔會再乘重量）
ok 736 - parseWeighedBarcode：金額碼 → PLU + 元（唔會再乘重量）
  ---
  duration_ms: 1.0078
  type: 'test'
  ...
# Subtest: parseWeighedBarcode：同一個 02 前綴、payloadKind 唔同 → 結果唔同（呢個係最常見嘅設定錯）
ok 737 - parseWeighedBarcode：同一個 02 前綴、payloadKind 唔同 → 結果唔同（呢個係最常見嘅設定錯）
  ---
  duration_ms: 1.1834
  type: 'test'
  ...
# Subtest: parseWeighedBarcode：校驗位錯 → null（唔可以靜默接受）
ok 738 - parseWeighedBarcode：校驗位錯 → null（唔可以靜默接受）
  ---
  duration_ms: 0.6427
  type: 'test'
  ...
# Subtest: parseWeighedBarcode：長度不足 / 非數字 / 冇命中規則 → null
ok 739 - parseWeighedBarcode：長度不足 / 非數字 / 冇命中規則 → null
  ---
  duration_ms: 0.5177
  type: 'test'
  ...
# Subtest: parseWeighedBarcode：重量千克 / 金額元（冇分）嘅規則
ok 740 - parseWeighedBarcode：重量千克 / 金額元（冇分）嘅規則
  ---
  duration_ms: 0.6996
  type: 'test'
  ...
# Subtest: parseWeighedBarcode：前置空白 / 結尾字元都要處理到（掃碼槍實況）
ok 741 - parseWeighedBarcode：前置空白 / 結尾字元都要處理到（掃碼槍實況）
  ---
  duration_ms: 0.4606
  type: 'test'
  ...
# Subtest: 內建預設規則：id 唯一、都有名同描述
ok 742 - 內建預設規則：id 唯一、都有名同描述
  ---
  duration_ms: 0.7583
  type: 'test'
  ...
# Subtest: describeWeighedRule：講清楚位數同單位（設定頁顯示用）
ok 743 - describeWeighedRule：講清楚位數同單位（設定頁顯示用）
  ---
  duration_ms: 0.3408
  type: 'test'
  ...
1..743
# tests 1196
# suites 145
# pass 1196
# fail 0
# cancelled 0
# skipped 0
# todo 0
# duration_ms 18556.603
